date,store_nbr,DAIRY_sales,BEVERAGES_sales,BREAD/BAKERY_sales,POULTRY_sales,PREPARED FOODS_sales,SEAFOOD_sales,month,year,season,week_day,holiday,city,state,type,cluster,transactions
8/1/2017,1,668,2627,373.70898,312.36002,81.507,33.489998,8,2017,Winter,Tuesday,FALSE,Quito,Pichincha,D,13,1795
8/1/2017,10,374,1843,106,168.123,28,6,8,2017,Winter,Tuesday,FALSE,Quito,Pichincha,C,15,984
8/1/2017,11,798,5204,716,570.012,113.772,8,8,2017,Winter,Tuesday,FALSE,Cayambe,Pichincha,B,6,2694
8/1/2017,12,410,1706,187,158.27501,45,11,8,2017,Winter,Tuesday,FALSE,Latacunga,Cotopaxi,C,15,1221
8/1/2017,13,289,1529,129,107.5,19,1,8,2017,Winter,Tuesday,FALSE,Latacunga,Cotopaxi,C,15,898
8/1/2017,14,335,1651,224,85.126,82,2,8,2017,Winter,Tuesday,FALSE,Riobamba,Chimborazo,C,7,1272
8/1/2017,15,381,2057,182,156.968,70,8,8,2017,Winter,Tuesday,FALSE,Ibarra,Imbabura,C,15,1481
8/1/2017,16,279,2128,190,79.274,53,1,8,2017,Winter,Tuesday,FALSE,Santo Domingo,Santo Domingo de los Tsachilas,C,3,770
8/1/2017,17,862,3524,385,508.443,43,12,8,2017,Winter,Tuesday,FALSE,Quito,Pichincha,C,12,1642
8/1/2017,18,754,3062,599,278.525,69.109,25.047,8,2017,Winter,Tuesday,FALSE,Quito,Pichincha,B,16,1499
8/1/2017,19,324,2820,271,102.849,40,3,8,2017,Winter,Tuesday,FALSE,Guaranda,Bolivar,C,15,1171
8/1/2017,2,859,3141,678,447.255,86.066,39.959,8,2017,Winter,Tuesday,FALSE,Quito,Pichincha,D,13,1819
8/1/2017,20,865,4523,590,350.444,58.478,15,8,2017,Winter,Tuesday,FALSE,Quito,Pichincha,B,6,1639
8/1/2017,21,744,3793,521,230.174,177.688,11,8,2017,Winter,Tuesday,FALSE,Santo Domingo,Santo Domingo de los Tsachilas,B,6,1204
8/1/2017,22,358,2230,134,164.704,43,1,8,2017,Winter,Tuesday,FALSE,Puyo,Pastaza,C,7,772
8/1/2017,23,536,1608,280.103,406.437,31.043,9.016,8,2017,Winter,Tuesday,FALSE,Ambato,Tungurahua,D,9,963
8/1/2017,24,1256,3741,735.021,592.606,102.882,25.967,8,2017,Winter,Tuesday,FALSE,Guayaquil,Guayas,D,1,2196
8/1/2017,25,600,1716,324.688,179.05,22.114,2,8,2017,Winter,Tuesday,FALSE,Salinas,Santa Elena,D,1,839
8/1/2017,26,330,1739,306,207.41301,19,0,8,2017,Winter,Tuesday,FALSE,Guayaquil,Guayas,D,10,701
8/1/2017,27,1030,3404,709.472,453.784,64.972,16.095,8,2017,Winter,Tuesday,FALSE,Daule,Guayas,D,1,1586
8/1/2017,28,1265,4502,823,367.141,138.154,11,8,2017,Winter,Tuesday,FALSE,Guayaquil,Guayas,E,10,1453
8/1/2017,29,906,4187,880,270.204,62.724,8,8,2017,Winter,Tuesday,FALSE,Guayaquil,Guayas,E,10,1355
8/1/2017,3,2170,8192,1203.214,1096.983,266.688,94.229004,8,2017,Winter,Tuesday,FALSE,Quito,Pichincha,D,8,3066
8/1/2017,30,321,2377,193,121.682,27,3,8,2017,Winter,Tuesday,FALSE,Guayaquil,Guayas,C,3,863
8/1/2017,31,873,4436,783,195.588,49.037,11,8,2017,Winter,Tuesday,FALSE,Babahoyo,Los Rios,B,10,1570
8/1/2017,32,180,1480,135,112.531,18,1,8,2017,Winter,Tuesday,FALSE,Guayaquil,Guayas,C,3,724
8/1/2017,33,472,2829,323,334.937,45,2,8,2017,Winter,Tuesday,FALSE,Quevedo,Los Rios,C,3,1098
8/1/2017,34,669,2499,768,161.876,48.846,4,8,2017,Winter,Tuesday,FALSE,Guayaquil,Guayas,B,6,1999
8/1/2017,35,166,1404,265,41.912,21,1,8,2017,Winter,Tuesday,FALSE,Playas,Guayas,C,3,667
8/1/2017,36,810,4359,632,185.715,58.847,3,8,2017,Winter,Tuesday,FALSE,Libertad,Guayas,E,10,1297
8/1/2017,37,958,3084,672.712,293.686,78.411,8.918,8,2017,Winter,Tuesday,FALSE,Cuenca,Azuay,D,2,1533
8/1/2017,38,923,6098,465.002,151.754,116.414,13.13,8,2017,Winter,Tuesday,FALSE,Loja,Loja,D,4,1585
8/1/2017,39,738,4310,671,251.043,53.795998,20.07,8,2017,Winter,Tuesday,FALSE,Cuenca,Azuay,B,6,1527
8/1/2017,4,743,2914,421.759,389.833,63.556,18.982,8,2017,Winter,Tuesday,FALSE,Quito,Pichincha,D,9,1362
8/1/2017,40,829,5379,580,213.853,77,2,8,2017,Winter,Tuesday,FALSE,Machala,El Oro,C,3,1656
8/1/2017,41,697,2845,430.118,223.527,60.402,2.224,8,2017,Winter,Tuesday,FALSE,Machala,El Oro,D,4,1178
8/1/2017,42,911,5818,643.267,252.587,51.685,25.619,8,2017,Winter,Tuesday,FALSE,Cuenca,Azuay,D,2,1183
8/1/2017,43,820,5396,606,310.519,173.069,3,8,2017,Winter,Tuesday,FALSE,Esmeraldas,Esmeraldas,E,10,1527
8/1/2017,44,2554,10808,1578.066,1153.592,301.043,101.231,8,2017,Winter,Tuesday,FALSE,Quito,Pichincha,A,5,4063
8/1/2017,45,2129,9111,1188.072,1281.795,219.92801,93.341,8,2017,Winter,Tuesday,FALSE,Quito,Pichincha,A,11,3701
8/1/2017,46,1627,6643,915,832.667,152.358,50.942,8,2017,Winter,Tuesday,FALSE,Quito,Pichincha,A,14,3458
8/1/2017,47,2269,8636,1133.479,1233.039,222.033,74.898,8,2017,Winter,Tuesday,FALSE,Quito,Pichincha,A,14,3846
8/1/2017,48,1573,6008,789,1101.088,74.145004,14.750999,8,2017,Winter,Tuesday,FALSE,Quito,Pichincha,A,14,3003
8/1/2017,49,2449,7151,1207.288,1193.662,232.718,81.519,8,2017,Winter,Tuesday,FALSE,Quito,Pichincha,A,11,3034
8/1/2017,5,548,2395,379.656,216.013,50.877,3,8,2017,Winter,Tuesday,FALSE,Santo Domingo,Santo Domingo de los Tsachilas,D,4,1365
8/1/2017,50,1175,5445,617.821,470.925,81.657,18.341,8,2017,Winter,Tuesday,FALSE,Ambato,Tungurahua,A,14,2679
8/1/2017,51,1458,4435,901.445,663.02,107.183,58.262,8,2017,Winter,Tuesday,FALSE,Guayaquil,Guayas,A,17,1685
8/1/2017,52,1089,5390,804.744,469.65298,128.526,7.098,8,2017,Winter,Tuesday,FALSE,Manta,Manabi,A,11,2147
8/1/2017,53,523,2903,485.902,194.922,48.958,6,8,2017,Winter,Tuesday,FALSE,Manta,Manabi,D,13,1074
8/1/2017,54,271,3320,330,72.303,114,3,8,2017,Winter,Tuesday,FALSE,El Carmen,Manabi,C,3,841
8/1/2017,6,976,3848,548.274,540.239,81.765,32.584,8,2017,Winter,Tuesday,FALSE,Quito,Pichincha,D,13,1616
8/1/2017,7,1318,4038,645.288,725.891,108.015,40.718998,8,2017,Winter,Tuesday,FALSE,Quito,Pichincha,D,8,1794
8/1/2017,8,1356,4443,772.607,540.774,110.257996,30.982,8,2017,Winter,Tuesday,FALSE,Quito,Pichincha,D,8,2717
8/1/2017,9,947,4817,643,570.196,50.462997,19.316,8,2017,Winter,Tuesday,FALSE,Quito,Pichincha,B,6,2271
8/2/2017,1,941,2645,428.186,375.62302,63.057,24.878,8,2017,Winter,Wednesday,FALSE,Quito,Pichincha,D,13,1892
8/2/2017,10,416,1250,103,162.754,36,2,8,2017,Winter,Wednesday,FALSE,Quito,Pichincha,C,15,871
8/2/2017,11,820,5351,625,560.4,116.469,18,8,2017,Winter,Wednesday,FALSE,Cayambe,Pichincha,B,6,2526
8/2/2017,12,481,1624,201,139.067,30,4,8,2017,Winter,Wednesday,FALSE,Latacunga,Cotopaxi,C,15,1227
8/2/2017,13,391,1908,123,64.237,30,1,8,2017,Winter,Wednesday,FALSE,Latacunga,Cotopaxi,C,15,902
8/2/2017,14,476,2743,198,100.704,114,9,8,2017,Winter,Wednesday,FALSE,Riobamba,Chimborazo,C,7,1401
8/2/2017,15,407,2132,152,133.035,47,3,8,2017,Winter,Wednesday,FALSE,Ibarra,Imbabura,C,15,1457
8/2/2017,16,276,1538,175,82.814,29,4,8,2017,Winter,Wednesday,FALSE,Santo Domingo,Santo Domingo de los Tsachilas,C,3,729
8/2/2017,17,1150,2769,313,369.912,42,16,8,2017,Winter,Wednesday,FALSE,Quito,Pichincha,C,12,1393
8/2/2017,18,694,2270,495,184.653,63.079002,14.466,8,2017,Winter,Wednesday,FALSE,Quito,Pichincha,B,16,1278
8/2/2017,19,372,2325,172,128.058,16,2,8,2017,Winter,Wednesday,FALSE,Guaranda,Bolivar,C,15,1130
8/2/2017,2,870,3394,656,467.46,146.6,37.174,8,2017,Winter,Wednesday,FALSE,Quito,Pichincha,D,13,1952
8/2/2017,20,1041,3494,473,279.041,59.7,12.688,8,2017,Winter,Wednesday,FALSE,Quito,Pichincha,B,6,1625
8/2/2017,21,746,3585,411,199.736,157.27,4,8,2017,Winter,Wednesday,FALSE,Santo Domingo,Santo Domingo de los Tsachilas,B,6,1089
8/2/2017,22,353,1800,131,131.238,13,0,8,2017,Winter,Wednesday,FALSE,Puyo,Pastaza,C,7,782
8/2/2017,23,474,1627,300.932,322.13202,28.687,13,8,2017,Winter,Wednesday,FALSE,Ambato,Tungurahua,D,9,1029
8/2/2017,24,1450,3743,783.991,550.639,99.502,25.27,8,2017,Winter,Wednesday,FALSE,Guayaquil,Guayas,D,1,2393
8/2/2017,25,565,1963,400.485,191.29001,47.066,6,8,2017,Winter,Wednesday,FALSE,Salinas,Santa Elena,D,1,982
8/2/2017,26,310,1562,233,146.345,32,6,8,2017,Winter,Wednesday,FALSE,Guayaquil,Guayas,D,10,648
8/2/2017,27,1062,3171,733.344,456.76,81.43,26.873,8,2017,Winter,Wednesday,FALSE,Daule,Guayas,D,1,1673
8/2/2017,28,917,3522,670,187.927,70.736,4,8,2017,Winter,Wednesday,FALSE,Guayaquil,Guayas,E,10,1227
8/2/2017,29,802,3142,607,181.979,57.636,10,8,2017,Winter,Wednesday,FALSE,Guayaquil,Guayas,E,10,1120
8/2/2017,3,2297,8217,1296.196,1121.705,210.95999,79.145,8,2017,Winter,Wednesday,FALSE,Quito,Pichincha,D,8,3275
8/2/2017,30,397,1772,152,100.234,17,4,8,2017,Winter,Wednesday,FALSE,Guayaquil,Guayas,C,3,775
8/2/2017,31,824,3297,532,123.106,89.888,6,8,2017,Winter,Wednesday,FALSE,Babahoyo,Los Rios,B,10,1418
8/2/2017,32,236,1397,110,48.086,13,2,8,2017,Winter,Wednesday,FALSE,Guayaquil,Guayas,C,3,612
8/2/2017,33,607,2010,226,303.107,33,0,8,2017,Winter,Wednesday,FALSE,Quevedo,Los Rios,C,3,912
8/2/2017,34,760,2236,696,173.963,24,6,8,2017,Winter,Wednesday,FALSE,Guayaquil,Guayas,B,6,2034
8/2/2017,35,213,1205,91,36.524,15,5,8,2017,Winter,Wednesday,FALSE,Playas,Guayas,C,3,694
8/2/2017,36,727,4503,499,111.144,62.088,0,8,2017,Winter,Wednesday,FALSE,Libertad,Guayas,E,10,1145
8/2/2017,37,995,3236,562.316,261.85,87.438,11.250999,8,2017,Winter,Wednesday,FALSE,Cuenca,Azuay,D,2,1690
8/2/2017,38,801,6925,565.259,154.509,62.196,16.675,8,2017,Winter,Wednesday,FALSE,Loja,Loja,D,4,1719
8/2/2017,39,700,2993,678,205.228,71.064,13,8,2017,Winter,Wednesday,FALSE,Cuenca,Azuay,B,6,1375
8/2/2017,4,716,2612,401.101,363.449,64.162,24.423,8,2017,Winter,Wednesday,FALSE,Quito,Pichincha,D,9,1414
8/2/2017,40,1032,5640,467,185.535,76,0,8,2017,Winter,Wednesday,FALSE,Machala,El Oro,C,3,1476
8/2/2017,41,769,4794,519.934,226.239,51.469,9.662,8,2017,Winter,Wednesday,FALSE,Machala,El Oro,D,4,1291
8/2/2017,42,815,2957,476.365,233.302,46.672,14.59,8,2017,Winter,Wednesday,FALSE,Cuenca,Azuay,D,2,1122
8/2/2017,43,816,5068,616,302.668,107.699,0,8,2017,Winter,Wednesday,FALSE,Esmeraldas,Esmeraldas,E,10,1499
8/2/2017,44,2663,9461,1801.5,1291.414,354.222,90.137,8,2017,Winter,Wednesday,FALSE,Quito,Pichincha,A,5,4643
8/2/2017,45,2286,10317,1281.645,1298.3309,283.07,103.097,8,2017,Winter,Wednesday,FALSE,Quito,Pichincha,A,11,3851
8/2/2017,46,1484,5959,968,834.703,138.535,47.622,8,2017,Winter,Wednesday,FALSE,Quito,Pichincha,A,14,3489
8/2/2017,47,2256,9263,1191.601,1132.237,190.718,61.887,8,2017,Winter,Wednesday,FALSE,Quito,Pichincha,A,14,3936
8/2/2017,48,1398,5101,779,908.718,68.805,27.075,8,2017,Winter,Wednesday,FALSE,Quito,Pichincha,A,14,3065
8/2/2017,49,2335,7150,1132.423,1014.602,259.268,78.918,8,2017,Winter,Wednesday,FALSE,Quito,Pichincha,A,11,3169
8/2/2017,5,590,2920,365.026,225.189,51.819,17.417,8,2017,Winter,Wednesday,FALSE,Santo Domingo,Santo Domingo de los Tsachilas,D,4,1411
8/2/2017,50,1149,5042,653.981,437.753,83.063,28.378,8,2017,Winter,Wednesday,FALSE,Ambato,Tungurahua,A,14,2763
8/2/2017,51,1822,5040,958.763,804.363,127.81,43.611,8,2017,Winter,Wednesday,FALSE,Guayaquil,Guayas,A,17,1810
8/2/2017,52,1346,5237,932.229,567.573,144.462,10.962,8,2017,Winter,Wednesday,FALSE,Manta,Manabi,A,11,2499
8/2/2017,53,669,2566,533.011,204.245,109.555,1,8,2017,Winter,Wednesday,FALSE,Manta,Manabi,D,13,1201
8/2/2017,54,174,3080,231,32.556,69,3,8,2017,Winter,Wednesday,FALSE,El Carmen,Manabi,C,3,747
8/2/2017,6,979,3706,634.485,495.27798,91.522,47.934002,8,2017,Winter,Wednesday,FALSE,Quito,Pichincha,D,13,1868
8/2/2017,7,1562,4686,692.179,687.367,142.694,49.229,8,2017,Winter,Wednesday,FALSE,Quito,Pichincha,D,8,1849
8/2/2017,8,1580,4855,889.453,618.52,176.196,53.205,8,2017,Winter,Wednesday,FALSE,Quito,Pichincha,D,8,2932
8/2/2017,9,985,3763,491,455.65298,89.135,24.689,8,2017,Winter,Wednesday,FALSE,Quito,Pichincha,B,6,2013
8/3/2017,1,529,2037,282.81,233.689,57.154,33.486,8,2017,Winter,Thursday,FALSE,Quito,Pichincha,D,13,1726
8/3/2017,10,336,1569,101,159.75,41,0,8,2017,Winter,Thursday,FALSE,Quito,Pichincha,C,15,916
8/3/2017,11,742,4885,681,497.76498,126.742,8,8,2017,Winter,Thursday,FALSE,Cayambe,Pichincha,B,6,2523
8/3/2017,12,408,1554,180,161.79,45,3,8,2017,Winter,Thursday,FALSE,Latacunga,Cotopaxi,C,15,1219
8/3/2017,13,207,1317,81,94.596,20,1,8,2017,Winter,Thursday,FALSE,Latacunga,Cotopaxi,C,15,888
8/3/2017,14,415,2218,137,79.098,129,5,8,2017,Winter,Thursday,FALSE,Riobamba,Chimborazo,C,7,1299
8/3/2017,15,342,1993,200,112.58,55,6,8,2017,Winter,Thursday,FALSE,Ibarra,Imbabura,C,15,1381
8/3/2017,16,251,1223,141,89.392,34,1,8,2017,Winter,Thursday,FALSE,Santo Domingo,Santo Domingo de los Tsachilas,C,3,687
8/3/2017,17,631,2940,272,310.82,60,15,8,2017,Winter,Thursday,FALSE,Quito,Pichincha,C,12,1384
8/3/2017,18,553,2074,534,146.305,56.036,10.464,8,2017,Winter,Thursday,FALSE,Quito,Pichincha,B,16,1242
8/3/2017,19,305,2265,134,210.899,28,4,8,2017,Winter,Thursday,FALSE,Guaranda,Bolivar,C,15,1010
8/3/2017,2,686,2304,609,399.105,101.975,33.546,8,2017,Winter,Thursday,FALSE,Quito,Pichincha,D,13,1712
8/3/2017,20,697,4096,417,333.97202,42.462997,11.63,8,2017,Winter,Thursday,FALSE,Quito,Pichincha,B,6,1639
8/3/2017,21,449,2411,360,134.117,200.352,6,8,2017,Winter,Thursday,FALSE,Santo Domingo,Santo Domingo de los Tsachilas,B,6,993
8/3/2017,22,313,1900,114,89.837,35,1,8,2017,Winter,Thursday,FALSE,Puyo,Pastaza,C,7,783
8/3/2017,23,466,1241,236.91699,313.274,29.403,9.531,8,2017,Winter,Thursday,FALSE,Ambato,Tungurahua,D,9,964
8/3/2017,24,1175,3159,619.154,461.978,77.691,20.015,8,2017,Winter,Thursday,FALSE,Guayaquil,Guayas,D,1,2107
8/3/2017,25,466,1829,268.882,145.409,34.654,2,8,2017,Winter,Thursday,FALSE,Salinas,Santa Elena,D,1,869
8/3/2017,26,133,515,157,100.149,12,6,8,2017,Winter,Thursday,FALSE,Guayaquil,Guayas,D,10,475
8/3/2017,27,869,2226,499.004,286.078,58.592,6.822,8,2017,Winter,Thursday,FALSE,Daule,Guayas,D,1,1429
8/3/2017,28,714,3029,574,233.813,82.135,1,8,2017,Winter,Thursday,FALSE,Guayaquil,Guayas,E,10,1197
8/3/2017,29,603,3537,593,201.873,40.591,9,8,2017,Winter,Thursday,FALSE,Guayaquil,Guayas,E,10,1139
8/3/2017,3,1740,7267,1022.235,1034.553,183.063,78.986,8,2017,Winter,Thursday,FALSE,Quito,Pichincha,D,8,2962
8/3/2017,30,233,1394,181,121.319,28,4,8,2017,Winter,Thursday,FALSE,Guayaquil,Guayas,C,3,759
8/3/2017,31,565,2784,630,139.212,53,6,8,2017,Winter,Thursday,FALSE,Babahoyo,Los Rios,B,10,1410
8/3/2017,32,148,965,174,23.639,9,2,8,2017,Winter,Thursday,FALSE,Guayaquil,Guayas,C,3,570
8/3/2017,33,321,1607,180,159.626,3,0,8,2017,Winter,Thursday,FALSE,Quevedo,Los Rios,C,3,815
8/3/2017,34,601,2591,586,141.156,17,2,8,2017,Winter,Thursday,FALSE,Guayaquil,Guayas,B,6,1946
8/3/2017,35,170,1576,74,71.231,13,0,8,2017,Winter,Thursday,FALSE,Playas,Guayas,C,3,762
8/3/2017,36,504,3053,410,150.96,57.952,0,8,2017,Winter,Thursday,FALSE,Libertad,Guayas,E,10,1090
8/3/2017,37,749,2417,439.013,218.403,54.193,10.077,8,2017,Winter,Thursday,FALSE,Cuenca,Azuay,D,2,1454
8/3/2017,38,601,1680,343.645,100.334,74.982,24.725,8,2017,Winter,Thursday,FALSE,Loja,Loja,D,4,1361
8/3/2017,39,631,3191,607,228.09999,49.069,15,8,2017,Winter,Thursday,FALSE,Cuenca,Azuay,B,6,1334
8/3/2017,4,635,1904,297.812,267.649,24.51,17.887,8,2017,Winter,Thursday,FALSE,Quito,Pichincha,D,9,1287
8/3/2017,40,507,3741,380,184.813,50,2,8,2017,Winter,Thursday,FALSE,Machala,El Oro,C,3,1300
8/3/2017,41,635,1518,385.244,163.511,51.94,1,8,2017,Winter,Thursday,FALSE,Machala,El Oro,D,4,1088
8/3/2017,42,746,1904,397.6,226.117,48.639,13.146,8,2017,Winter,Thursday,FALSE,Cuenca,Azuay,D,2,1101
8/3/2017,43,527,3784,447,204.892,150.172,0,8,2017,Winter,Thursday,FALSE,Esmeraldas,Esmeraldas,E,10,1389
8/3/2017,44,1966,7396,1349.882,926.074,326.372,66.092,8,2017,Winter,Thursday,FALSE,Quito,Pichincha,A,5,4169
8/3/2017,45,1822,7093,981.389,981.144,218.06,67.506,8,2017,Winter,Thursday,FALSE,Quito,Pichincha,A,11,3598
8/3/2017,46,1276,4761,775,727.921,122.129,53.806,8,2017,Winter,Thursday,FALSE,Quito,Pichincha,A,14,3162
8/3/2017,47,1811,6537,916.989,1129.765,197.427,61.252,8,2017,Winter,Thursday,FALSE,Quito,Pichincha,A,14,3688
8/3/2017,48,1157,4010,805,697.95703,82.28,22.123,8,2017,Winter,Thursday,FALSE,Quito,Pichincha,A,14,2844
8/3/2017,49,1541,4943,812.459,807.237,168.339,85.242004,8,2017,Winter,Thursday,FALSE,Quito,Pichincha,A,11,2780
8/3/2017,5,459,1234,289.485,209.174,58.886,9.515,8,2017,Winter,Thursday,FALSE,Santo Domingo,Santo Domingo de los Tsachilas,D,4,1227
8/3/2017,50,1037,3777,600.177,359.068,79.81,21.514,8,2017,Winter,Thursday,FALSE,Ambato,Tungurahua,A,14,2521
8/3/2017,51,1406,3425,703.78,538.654,115.261,49.651,8,2017,Winter,Thursday,FALSE,Guayaquil,Guayas,A,17,1499
8/3/2017,52,1019,3492,706.722,419.02,91.591,10.174,8,2017,Winter,Thursday,FALSE,Manta,Manabi,A,11,2045
8/3/2017,53,388,1535,459.628,118.303,21.709,2,8,2017,Winter,Thursday,FALSE,Manta,Manabi,D,13,1004
8/3/2017,54,191,2844,169,62.094,82,5,8,2017,Winter,Thursday,FALSE,El Carmen,Manabi,C,3,712
8/3/2017,6,800,2844,445.551,458.419,65.015,20.579,8,2017,Winter,Thursday,FALSE,Quito,Pichincha,D,13,1639
8/3/2017,7,1046,3200,539.801,528.356,107.822,27.581001,8,2017,Winter,Thursday,FALSE,Quito,Pichincha,D,8,1725
8/3/2017,8,1233,4073,749.665,466.613,112.907,30.152,8,2017,Winter,Thursday,FALSE,Quito,Pichincha,D,8,2595
8/3/2017,9,782,3944,445,425.946,83.426,21.778,8,2017,Winter,Thursday,FALSE,Quito,Pichincha,B,6,2103
8/4/2017,1,767,2479,385.044,481.049,60.498,33.768,8,2017,Winter,Friday,FALSE,Quito,Pichincha,D,13,1847
8/4/2017,10,225,1658,99,130.927,25,0,8,2017,Winter,Friday,FALSE,Quito,Pichincha,C,15,900
8/4/2017,11,668,7066,829,557.268,84.72,6,8,2017,Winter,Friday,FALSE,Cayambe,Pichincha,B,6,2508
8/4/2017,12,266,1504,193,168.089,32,1,8,2017,Winter,Friday,FALSE,Latacunga,Cotopaxi,C,15,1131
8/4/2017,13,263,2059,103,90.097,28,5,8,2017,Winter,Friday,FALSE,Latacunga,Cotopaxi,C,15,901
8/4/2017,14,366,1516,171,65.162,81,7,8,2017,Winter,Friday,FALSE,Riobamba,Chimborazo,C,7,1196
8/4/2017,15,293,1743,139,127.638,46,4,8,2017,Winter,Friday,FALSE,Ibarra,Imbabura,C,15,1352
8/4/2017,16,220,2151,95,36.807,25,0,8,2017,Winter,Friday,FALSE,Santo Domingo,Santo Domingo de los Tsachilas,C,3,698
8/4/2017,17,540,2553,288,308.142,61,7,8,2017,Winter,Friday,FALSE,Quito,Pichincha,C,12,1359
8/4/2017,18,479,1686,458,203.257,57.951,11,8,2017,Winter,Friday,FALSE,Quito,Pichincha,B,16,1129
8/4/2017,19,301,2812,141,102.777,18,4,8,2017,Winter,Friday,FALSE,Guaranda,Bolivar,C,15,1050
8/4/2017,2,895,2785,664,667.52,91.213,47.119,8,2017,Winter,Friday,FALSE,Quito,Pichincha,D,13,1938
8/4/2017,20,604,4142,470,699.294,66.12,10.436,8,2017,Winter,Friday,FALSE,Quito,Pichincha,B,6,1524
8/4/2017,21,445,3541,333,138.531,169.814,3,8,2017,Winter,Friday,FALSE,Santo Domingo,Santo Domingo de los Tsachilas,B,6,1097
8/4/2017,22,329,2213,228,122.82,36,1,8,2017,Winter,Friday,FALSE,Puyo,Pastaza,C,7,799
8/4/2017,23,492,1294,216.746,545.297,50.303,8.669,8,2017,Winter,Friday,FALSE,Ambato,Tungurahua,D,9,1022
8/4/2017,24,1386,3548,853.156,801.553,150.733,45.767,8,2017,Winter,Friday,FALSE,Guayaquil,Guayas,D,1,2439
8/4/2017,25,569,2130,452.325,308.922,57.714,7,8,2017,Winter,Friday,FALSE,Salinas,Santa Elena,D,1,1021
8/4/2017,26,221,713,252,273.061,30,1,8,2017,Winter,Friday,FALSE,Guayaquil,Guayas,D,10,604
8/4/2017,27,791,2399,493.67902,408.156,82.697,19.592,8,2017,Winter,Friday,FALSE,Daule,Guayas,D,1,1600
8/4/2017,28,639,3174,436,193.812,74.954,0,8,2017,Winter,Friday,FALSE,Guayaquil,Guayas,E,10,1113
8/4/2017,29,521,3058,511,227.813,60.436,4,8,2017,Winter,Friday,FALSE,Guayaquil,Guayas,E,10,1141
8/4/2017,3,2217,7967,1271.429,1586.1229,249.673,114.206,8,2017,Winter,Friday,FALSE,Quito,Pichincha,D,8,3412
8/4/2017,30,209,1079,142,105.261,19,6,8,2017,Winter,Friday,FALSE,Guayaquil,Guayas,C,3,649
8/4/2017,31,579,3073,560,141.195,60,10,8,2017,Winter,Friday,FALSE,Babahoyo,Los Rios,B,10,1270
8/4/2017,32,104,1002,91,48.968002,4,0,8,2017,Winter,Friday,FALSE,Guayaquil,Guayas,C,3,582
8/4/2017,33,295,1940,153,398.819,25,0,8,2017,Winter,Friday,FALSE,Quevedo,Los Rios,C,3,786
8/4/2017,34,615,2790,652,184.286,28,1,8,2017,Winter,Friday,FALSE,Guayaquil,Guayas,B,6,2286
8/4/2017,35,122,1383,98,68.788,16,0,8,2017,Winter,Friday,FALSE,Playas,Guayas,C,3,602
8/4/2017,36,503,4593,534,137.328,51.109,4,8,2017,Winter,Friday,FALSE,Libertad,Guayas,E,10,1068
8/4/2017,37,959,2773,482.07098,303.782,83.099,12.76,8,2017,Winter,Friday,FALSE,Cuenca,Azuay,D,2,1633
8/4/2017,38,832,1831,385.716,205.491,106.158005,12.097,8,2017,Winter,Friday,FALSE,Loja,Loja,D,4,1533
8/4/2017,39,646,3171,656,316.666,58.285,20,8,2017,Winter,Friday,FALSE,Cuenca,Azuay,B,6,1328
8/4/2017,4,751,3015,352.124,454.709,48.498,30.428001,8,2017,Winter,Friday,FALSE,Quito,Pichincha,D,9,1430
8/4/2017,40,513,8272,428,250.206,52,1,8,2017,Winter,Friday,FALSE,Machala,El Oro,C,3,1329
8/4/2017,41,643,1615,381.442,217.778,84.825,4.214,8,2017,Winter,Friday,FALSE,Machala,El Oro,D,4,1117
8/4/2017,42,850,2413,494.053,293.022,44.369,23.916,8,2017,Winter,Friday,FALSE,Cuenca,Azuay,D,2,1166
8/4/2017,43,568,7612,601,448.767,233.229,1,8,2017,Winter,Friday,FALSE,Esmeraldas,Esmeraldas,E,10,1479
8/4/2017,44,2331,8620,1662.026,1761.187,305.53,118.236,8,2017,Winter,Friday,FALSE,Quito,Pichincha,A,5,4515
8/4/2017,45,2298,8534,1383.043,1682.814,293.333,145.966,8,2017,Winter,Friday,FALSE,Quito,Pichincha,A,11,4132
8/4/2017,46,1415,5329,848,980.256,152.433,55.627,8,2017,Winter,Friday,FALSE,Quito,Pichincha,A,14,3350
8/4/2017,47,2051,8525,1414.113,1526.321,198.025,92.574,8,2017,Winter,Friday,FALSE,Quito,Pichincha,A,14,4010
8/4/2017,48,1190,4531,872,1297.631,65.885,29.79,8,2017,Winter,Friday,FALSE,Quito,Pichincha,A,14,2896
8/4/2017,49,2231,6842,1364.5859,1513.603,253.493,120.781006,8,2017,Winter,Friday,FALSE,Quito,Pichincha,A,11,3216
8/4/2017,5,491,1774,345.226,302.71,56.919,9.582,8,2017,Winter,Friday,FALSE,Santo Domingo,Santo Domingo de los Tsachilas,D,4,1289
8/4/2017,50,914,3698,665.158,473.289,76.126,33.956,8,2017,Winter,Friday,FALSE,Ambato,Tungurahua,A,14,2773
8/4/2017,51,1694,4522,894.953,3535.233,152.72,96.181,8,2017,Winter,Friday,FALSE,Guayaquil,Guayas,A,17,1885
8/4/2017,52,1280,4580,1028.229,661.928,180.553,7.708,8,2017,Winter,Friday,FALSE,Manta,Manabi,A,11,2442
8/4/2017,53,506,2249,458.799,227.82199,88.532,5,8,2017,Winter,Friday,FALSE,Manta,Manabi,D,13,1177
8/4/2017,54,268,2979,205,68.277,90,0,8,2017,Winter,Friday,FALSE,El Carmen,Manabi,C,3,757
8/4/2017,6,885,3235,516.863,646.553,103.645996,48.541,8,2017,Winter,Friday,FALSE,Quito,Pichincha,D,13,1786
8/4/2017,7,1317,3750,698.526,875.81,110.826004,65.166,8,2017,Winter,Friday,FALSE,Quito,Pichincha,D,8,1962
8/4/2017,8,1500,4572,895.829,831.252,164.27701,70.834,8,2017,Winter,Friday,FALSE,Quito,Pichincha,D,8,2996
8/4/2017,9,815,3325,426,604.974,117.189,13,8,2017,Winter,Friday,FALSE,Quito,Pichincha,B,6,2080
8/5/2017,1,624,2093,271.579,257.44,66.906,17.625,8,2017,Winter,Saturday,FALSE,Quito,Pichincha,D,13,1251
8/5/2017,10,371,1819,139,185.581,37,1,8,2017,Winter,Saturday,FALSE,Quito,Pichincha,C,15,1099
8/5/2017,11,669,5299,534,480.275,59.232002,17,8,2017,Winter,Saturday,FALSE,Cayambe,Pichincha,B,6,2350
8/5/2017,12,431,1792,209,143.091,36,6,8,2017,Winter,Saturday,FALSE,Latacunga,Cotopaxi,C,15,1250
8/5/2017,13,388,2205,152,134.241,41,3,8,2017,Winter,Saturday,FALSE,Latacunga,Cotopaxi,C,15,1129
8/5/2017,14,493,1767,236,194.482,124,10,8,2017,Winter,Saturday,FALSE,Riobamba,Chimborazo,C,7,1559
8/5/2017,15,306,2060,200,64.076,56,1,8,2017,Winter,Saturday,FALSE,Ibarra,Imbabura,C,15,1308
8/5/2017,16,288,1342,232,69.023,50,0,8,2017,Winter,Saturday,FALSE,Santo Domingo,Santo Domingo de los Tsachilas,C,3,813
8/5/2017,17,671,3781,299,363.868,79,28,8,2017,Winter,Saturday,FALSE,Quito,Pichincha,C,12,1657
8/5/2017,18,716,2800,696,205.853,49.825,22,8,2017,Winter,Saturday,FALSE,Quito,Pichincha,B,16,1341
8/5/2017,19,496,4096,327,316.901,32,9,8,2017,Winter,Saturday,FALSE,Guaranda,Bolivar,C,15,1618
8/5/2017,2,856,3150,639,484.394,117.637,47.973,8,2017,Winter,Saturday,FALSE,Quito,Pichincha,D,13,1905
8/5/2017,20,913,5492,617,350.874,118.324,33.205,8,2017,Winter,Saturday,FALSE,Quito,Pichincha,B,6,1977
8/5/2017,21,790,4593,464,276.407,199.019,17,8,2017,Winter,Saturday,FALSE,Santo Domingo,Santo Domingo de los Tsachilas,B,6,1397
8/5/2017,22,347,1422,157,54.742,20,6,8,2017,Winter,Saturday,FALSE,Puyo,Pastaza,C,7,731
8/5/2017,23,484,1213,252.861,148.04199,24.592,6,8,2017,Winter,Saturday,FALSE,Ambato,Tungurahua,D,9,930
8/5/2017,24,1674,4533,1002.761,575.557,164.168,28.904999,8,2017,Winter,Saturday,FALSE,Guayaquil,Guayas,D,1,2276
8/5/2017,25,713,2573,430.976,184.997,34.568,0,8,2017,Winter,Saturday,FALSE,Salinas,Santa Elena,D,1,1171
8/5/2017,26,274,1007,252,163.174,29,4,8,2017,Winter,Saturday,FALSE,Guayaquil,Guayas,D,10,561
8/5/2017,27,1053,3570,598.553,373.973,98.981,11.828,8,2017,Winter,Saturday,FALSE,Daule,Guayas,D,1,1862
8/5/2017,28,907,3903,641,201.975,77.991,10,8,2017,Winter,Saturday,FALSE,Guayaquil,Guayas,E,10,1442
8/5/2017,29,816,3580,714,180.435,68.237,16,8,2017,Winter,Saturday,FALSE,Guayaquil,Guayas,E,10,1391
8/5/2017,3,2391,10187,1396.141,1239.609,275.778,80.632,8,2017,Winter,Saturday,FALSE,Quito,Pichincha,D,8,3489
8/5/2017,30,242,1584,185,146.488,18,2,8,2017,Winter,Saturday,FALSE,Guayaquil,Guayas,C,3,688
8/5/2017,31,759,3921,609,165.336,89.996,9,8,2017,Winter,Saturday,FALSE,Babahoyo,Los Rios,B,10,1497
8/5/2017,32,138,1388,102,61.172,8,6,8,2017,Winter,Saturday,FALSE,Guayaquil,Guayas,C,3,666
8/5/2017,33,459,1611,257,96.438995,30,2,8,2017,Winter,Saturday,FALSE,Quevedo,Los Rios,C,3,898
8/5/2017,34,757,2826,801,180.538,27,9,8,2017,Winter,Saturday,FALSE,Guayaquil,Guayas,B,6,2324
8/5/2017,35,232,1902,83,66.652,15,0,8,2017,Winter,Saturday,FALSE,Playas,Guayas,C,3,804
8/5/2017,36,560,4436,416,150.956,55.67,3,8,2017,Winter,Saturday,FALSE,Libertad,Guayas,E,10,1107
8/5/2017,37,894,2830,544.63,284.847,61.516,10.866,8,2017,Winter,Saturday,FALSE,Cuenca,Azuay,D,2,1438
8/5/2017,38,980,2946,514.261,143.558,115.033005,16.109001,8,2017,Winter,Saturday,FALSE,Loja,Loja,D,4,1913
8/5/2017,39,724,4098,813,331.423,52.015,24.131,8,2017,Winter,Saturday,FALSE,Cuenca,Azuay,B,6,1688
8/5/2017,4,851,2500,431.526,476.719,93.462,26.146,8,2017,Winter,Saturday,FALSE,Quito,Pichincha,D,9,1515
8/5/2017,40,713,5582,539,214.369,76,7,8,2017,Winter,Saturday,FALSE,Machala,El Oro,C,3,1409
8/5/2017,41,889,2559,588.184,204.074,70.123,8,8,2017,Winter,Saturday,FALSE,Machala,El Oro,D,4,1355
8/5/2017,42,947,2994,551.919,265.829,56.69,12.691,8,2017,Winter,Saturday,FALSE,Cuenca,Azuay,D,2,1342
8/5/2017,43,686,5079,563,170.853,81.294,0,8,2017,Winter,Saturday,FALSE,Esmeraldas,Esmeraldas,E,10,1476
8/5/2017,44,3229,12455,1941.872,1383.808,307.531,135.715,8,2017,Winter,Saturday,FALSE,Quito,Pichincha,A,5,5037
8/5/2017,45,2753,11802,1507.897,1692.949,315.625,109.42,8,2017,Winter,Saturday,FALSE,Quito,Pichincha,A,11,4684
8/5/2017,46,2298,8375,1346,1274.647,187.802,89.6,8,2017,Winter,Saturday,FALSE,Quito,Pichincha,A,14,4553
8/5/2017,47,2589,14469,1519.203,1368.197,304.268,84.529,8,2017,Winter,Saturday,FALSE,Quito,Pichincha,A,14,4499
8/5/2017,48,1682,6805,1170,1216.503,145.552,48.202,8,2017,Winter,Saturday,FALSE,Quito,Pichincha,A,14,3740
8/5/2017,49,2214,7494,1142.184,1107.222,215.057,60.65,8,2017,Winter,Saturday,FALSE,Quito,Pichincha,A,11,3266
8/5/2017,5,595,2164,384.263,278.13,81.976,5.852,8,2017,Winter,Saturday,FALSE,Santo Domingo,Santo Domingo de los Tsachilas,D,4,1415
8/5/2017,50,1399,6153,878.421,449.127,101.576996,22.988,8,2017,Winter,Saturday,FALSE,Ambato,Tungurahua,A,14,3419
8/5/2017,51,1860,6134,1084.004,807.824,141.424,65.22,8,2017,Winter,Saturday,FALSE,Guayaquil,Guayas,A,17,1991
8/5/2017,52,1287,5313,931.976,530.519,124.808,10.731,8,2017,Winter,Saturday,FALSE,Manta,Manabi,A,11,2837
8/5/2017,53,605,2533,504.006,200.429,75.562,2,8,2017,Winter,Saturday,FALSE,Manta,Manabi,D,13,1280
8/5/2017,54,305,2708,194,65.833,56,3,8,2017,Winter,Saturday,FALSE,El Carmen,Manabi,C,3,867
8/5/2017,6,1047,4212,693.098,686.598,149.114,49.217,8,2017,Winter,Saturday,FALSE,Quito,Pichincha,D,13,1985
8/5/2017,7,1146,3638,550.075,551.747,141.537,41.153,8,2017,Winter,Saturday,FALSE,Quito,Pichincha,D,8,1735
8/5/2017,8,1816,6347,863.047,720.515,201.574,50.328,8,2017,Winter,Saturday,FALSE,Quito,Pichincha,D,8,2862
8/5/2017,9,962,4346,558,546.206,162.324,16.598,8,2017,Winter,Saturday,FALSE,Quito,Pichincha,B,6,2311
8/6/2017,1,312,968,144.024,117.783,39.656998,11.955,8,2017,Winter,Sunday,FALSE,Quito,Pichincha,D,13,507
8/6/2017,10,401,1671,150,185.09601,33,1,8,2017,Winter,Sunday,FALSE,Quito,Pichincha,C,15,920
8/6/2017,11,787,5371,704,554.544,68.999,13,8,2017,Winter,Sunday,FALSE,Cayambe,Pichincha,B,6,2430
8/6/2017,12,433,1988,245,164.679,26,0,8,2017,Winter,Sunday,FALSE,Latacunga,Cotopaxi,C,15,1240
8/6/2017,13,270,1556,137,99.903,26,1,8,2017,Winter,Sunday,FALSE,Latacunga,Cotopaxi,C,15,809
8/6/2017,14,338,2056,142,91.935,59,2,8,2017,Winter,Sunday,FALSE,Riobamba,Chimborazo,C,7,917
8/6/2017,15,213,1698,147,107.058,42,2,8,2017,Winter,Sunday,FALSE,Ibarra,Imbabura,C,15,950
8/6/2017,16,402,2069,224,80.856,56,2,8,2017,Winter,Sunday,FALSE,Santo Domingo,Santo Domingo de los Tsachilas,C,3,816
8/6/2017,17,1002,4511,523,520.592,72,25,8,2017,Winter,Sunday,FALSE,Quito,Pichincha,C,12,1676
8/6/2017,18,902,3142,809,331.716,87.09,19.978,8,2017,Winter,Sunday,FALSE,Quito,Pichincha,B,16,1398
8/6/2017,19,290,2128,171,64.58,30,1,8,2017,Winter,Sunday,FALSE,Guaranda,Bolivar,C,15,984
8/6/2017,2,1051,3594,748,553.65,115.262,48.509,8,2017,Winter,Sunday,FALSE,Quito,Pichincha,D,13,1905
8/6/2017,20,1350,5797,796,557.566,145.183,31.557999,8,2017,Winter,Sunday,FALSE,Quito,Pichincha,B,6,2087
8/6/2017,21,1102,5083,785,290.055,214.124,6,8,2017,Winter,Sunday,FALSE,Santo Domingo,Santo Domingo de los Tsachilas,B,6,1541
8/6/2017,22,343,1766,131,150.452,24,3,8,2017,Winter,Sunday,FALSE,Puyo,Pastaza,C,7,703
8/6/2017,23,553,1627,250.632,300.816,35.25,8,8,2017,Winter,Sunday,FALSE,Ambato,Tungurahua,D,9,902
8/6/2017,24,1433,3894,811.297,523.045,116.759995,19.309,8,2017,Winter,Sunday,FALSE,Guayaquil,Guayas,D,1,1757
8/6/2017,25,534,2181,413.269,174.483,34.138,7,8,2017,Winter,Sunday,FALSE,Salinas,Santa Elena,D,1,957
8/6/2017,26,428,1387,364,251.33,33,8,8,2017,Winter,Sunday,FALSE,Guayaquil,Guayas,D,10,623
8/6/2017,27,1677,5172,1149.579,582.146,129.118,17.848,8,2017,Winter,Sunday,FALSE,Daule,Guayas,D,1,1998
8/6/2017,28,1910,7153,1289,400.143,144.144,15,8,2017,Winter,Sunday,FALSE,Guayaquil,Guayas,E,10,1814
8/6/2017,29,1515,5537,1215,278.41,107.918,8,8,2017,Winter,Sunday,FALSE,Guayaquil,Guayas,E,10,1549
8/6/2017,3,2602,10600,1441.139,1374.257,327.892,112.807,8,2017,Winter,Sunday,FALSE,Quito,Pichincha,D,8,3506
8/6/2017,30,382,1928,277,136.231,30,7,8,2017,Winter,Sunday,FALSE,Guayaquil,Guayas,C,3,671
8/6/2017,31,1085,5854,831,147.45,125,7,8,2017,Winter,Sunday,FALSE,Babahoyo,Los Rios,B,10,1655
8/6/2017,32,261,1339,187,77.535995,13,2,8,2017,Winter,Sunday,FALSE,Guayaquil,Guayas,C,3,615
8/6/2017,33,574,2939,360,333.109,24,1,8,2017,Winter,Sunday,FALSE,Quevedo,Los Rios,C,3,895
8/6/2017,34,870,3108,957,164.925,11,0,8,2017,Winter,Sunday,FALSE,Guayaquil,Guayas,B,6,2036
8/6/2017,35,218,2162,142,67.754,18,0,8,2017,Winter,Sunday,FALSE,Playas,Guayas,C,3,722
8/6/2017,36,818,4681,625,196.485,40.154,0,8,2017,Winter,Sunday,FALSE,Libertad,Guayas,E,10,1235
8/6/2017,37,680,2281,412.88,190.888,44.397,9.715,8,2017,Winter,Sunday,FALSE,Cuenca,Azuay,D,2,1054
8/6/2017,38,842,2388,578.677,141.529,78.844,22.774,8,2017,Winter,Sunday,FALSE,Loja,Loja,D,4,1762
8/6/2017,39,762,4405,835,253.101,52.409,16.923,8,2017,Winter,Sunday,FALSE,Cuenca,Azuay,B,6,1455
8/6/2017,4,1005,3579,445.925,530.003,40.346,32.712,8,2017,Winter,Sunday,FALSE,Quito,Pichincha,D,9,1453
8/6/2017,40,723,6026,583,128.253,59,6,8,2017,Winter,Sunday,FALSE,Machala,El Oro,C,3,1247
8/6/2017,41,1143,3278,857.252,245.347,79.246,14,8,2017,Winter,Sunday,FALSE,Machala,El Oro,D,4,1540
8/6/2017,42,811,2787,436.551,215.476,39.565,19.626,8,2017,Winter,Sunday,FALSE,Cuenca,Azuay,D,2,1146
8/6/2017,43,941,6435,784,333.951,141.123,2,8,2017,Winter,Sunday,FALSE,Esmeraldas,Esmeraldas,E,10,1694
8/6/2017,44,3483,12913,2207.509,1653.382,325.564,110.792,8,2017,Winter,Sunday,FALSE,Quito,Pichincha,A,5,5015
8/6/2017,45,3163,12609,1638.026,1825.554,326.678,120.022995,8,2017,Winter,Sunday,FALSE,Quito,Pichincha,A,11,4598
8/6/2017,46,2311,9042,1257,1230.438,163.061,97.414,8,2017,Winter,Sunday,FALSE,Quito,Pichincha,A,14,4400
8/6/2017,47,2859,12295,1634.365,1548.108,295.9,97.4,8,2017,Winter,Sunday,FALSE,Quito,Pichincha,A,14,4500
8/6/2017,48,2134,8403,1417,1425.936,135.627,32.02,8,2017,Winter,Sunday,FALSE,Quito,Pichincha,A,14,3941
8/6/2017,49,2684,8989,1472.724,1307.6691,263.303,88.317,8,2017,Winter,Sunday,FALSE,Quito,Pichincha,A,11,3349
8/6/2017,5,663,2166,399.051,253.303,64.295,13.866,8,2017,Winter,Sunday,FALSE,Santo Domingo,Santo Domingo de los Tsachilas,D,4,1140
8/6/2017,50,1464,5546,711.515,506.132,83.153,18,8,2017,Winter,Sunday,FALSE,Ambato,Tungurahua,A,14,2969
8/6/2017,51,2212,6435,1241.872,849.702,95,49.428,8,2017,Winter,Sunday,FALSE,Guayaquil,Guayas,A,17,1854
8/6/2017,52,1586,5351,1120.068,640.254,149.748,3.959,8,2017,Winter,Sunday,FALSE,Manta,Manabi,A,11,2711
8/6/2017,53,781,3844,681.767,259.721,78.936,3,8,2017,Winter,Sunday,FALSE,Manta,Manabi,D,13,1308
8/6/2017,54,403,8552,475,88.154,145,0,8,2017,Winter,Sunday,FALSE,El Carmen,Manabi,C,3,1065
8/6/2017,6,1396,4664,585.378,663.618,135.397,50.847,8,2017,Winter,Sunday,FALSE,Quito,Pichincha,D,13,1918
8/6/2017,7,1178,3858,597.132,576.611,158.862,28.842,8,2017,Winter,Sunday,FALSE,Quito,Pichincha,D,8,1548
8/6/2017,8,1684,6246,924.316,729.71,182.282,26.063,8,2017,Winter,Sunday,FALSE,Quito,Pichincha,D,8,2650
8/6/2017,9,1098,5732,653,612.789,155.975,25.008999,8,2017,Winter,Sunday,FALSE,Quito,Pichincha,B,6,2027
8/7/2017,1,717,2086,328.382,364.209,69.724,32.321,8,2017,Winter,Monday,FALSE,Quito,Pichincha,D,13,1665
8/7/2017,10,332,1393,113,105.754,36,0,8,2017,Winter,Monday,FALSE,Quito,Pichincha,C,15,947
8/7/2017,11,702,4420,608,281.498,85,9,8,2017,Winter,Monday,FALSE,Cayambe,Pichincha,B,6,2322
8/7/2017,12,421,1789,236,149.863,31,1,8,2017,Winter,Monday,FALSE,Latacunga,Cotopaxi,C,15,1170
8/7/2017,13,290,2318,149,127.629,23,1,8,2017,Winter,Monday,FALSE,Latacunga,Cotopaxi,C,15,888
8/7/2017,14,445,1076,168,72.955,108,2,8,2017,Winter,Monday,FALSE,Riobamba,Chimborazo,C,7,1269
8/7/2017,15,383,1991,151,118.066,34,5,8,2017,Winter,Monday,FALSE,Ibarra,Imbabura,C,15,1454
8/7/2017,16,227,1438,156,64.145,52,0,8,2017,Winter,Monday,FALSE,Santo Domingo,Santo Domingo de los Tsachilas,C,3,693
8/7/2017,17,700,2970,316,355.289,41,4,8,2017,Winter,Monday,FALSE,Quito,Pichincha,C,12,1456
8/7/2017,18,522,2038,496,152.745,41.169,12.242001,8,2017,Winter,Monday,FALSE,Quito,Pichincha,B,16,1238
8/7/2017,19,284,3111,163,85.212,24,4,8,2017,Winter,Monday,FALSE,Guaranda,Bolivar,C,15,1150
8/7/2017,2,779,2547,606,383.369,112.87,31.048,8,2017,Winter,Monday,FALSE,Quito,Pichincha,D,13,1700
8/7/2017,20,759,3356,412,294.636,59.477,15.67,8,2017,Winter,Monday,FALSE,Quito,Pichincha,B,6,1525
8/7/2017,21,465,4062,444,131.244,153.373,5,8,2017,Winter,Monday,FALSE,Santo Domingo,Santo Domingo de los Tsachilas,B,6,1052
8/7/2017,22,299,2202,124,55.054,30,0,8,2017,Winter,Monday,FALSE,Puyo,Pastaza,C,7,724
8/7/2017,23,463,1382,280.594,235.352,48.903,4,8,2017,Winter,Monday,FALSE,Ambato,Tungurahua,D,9,930
8/7/2017,24,1271,3392,783.671,498.987,128.604,20.469,8,2017,Winter,Monday,FALSE,Guayaquil,Guayas,D,1,2099
8/7/2017,25,564,1893,360.368,124.893,42.429,5,8,2017,Winter,Monday,FALSE,Salinas,Santa Elena,D,1,899
8/7/2017,26,241,755,229,88.03,18,1,8,2017,Winter,Monday,FALSE,Guayaquil,Guayas,D,10,483
8/7/2017,27,1142,2976,709.216,405.08398,79.838,16,8,2017,Winter,Monday,FALSE,Daule,Guayas,D,1,1596
8/7/2017,28,722,3485,651,187.047,68.102,2,8,2017,Winter,Monday,FALSE,Guayaquil,Guayas,E,10,1115
8/7/2017,29,772,2899,650,213.445,62.816,4,8,2017,Winter,Monday,FALSE,Guayaquil,Guayas,E,10,1145
8/7/2017,3,2018,7610,1153.16,1049.523,214.556,75.714,8,2017,Winter,Monday,FALSE,Quito,Pichincha,D,8,3046
8/7/2017,30,254,1596,137,118.731,22,8,8,2017,Winter,Monday,FALSE,Guayaquil,Guayas,C,3,724
8/7/2017,31,643,3562,698,159.477,58.064,5,8,2017,Winter,Monday,FALSE,Babahoyo,Los Rios,B,10,1371
8/7/2017,32,182,1306,159,62.464,10,2,8,2017,Winter,Monday,FALSE,Guayaquil,Guayas,C,3,563
8/7/2017,33,384,2283,232,198.778,36,0,8,2017,Winter,Monday,FALSE,Quevedo,Los Rios,C,3,890
8/7/2017,34,612,2671,743,122.818,36.292,0,8,2017,Winter,Monday,FALSE,Guayaquil,Guayas,B,6,1949
8/7/2017,35,155,1591,103,50.336998,18,3,8,2017,Winter,Monday,FALSE,Playas,Guayas,C,3,667
8/7/2017,36,487,3529,521,108.766,31.906,0,8,2017,Winter,Monday,FALSE,Libertad,Guayas,E,10,1077
8/7/2017,37,892,2229,491.831,236.713,60.063,7.716,8,2017,Winter,Monday,FALSE,Cuenca,Azuay,D,2,1477
8/7/2017,38,646,1819,498.353,136.438,62.085,18.263,8,2017,Winter,Monday,FALSE,Loja,Loja,D,4,1380
8/7/2017,39,576,3491,667,207.243,47.286,15.02,8,2017,Winter,Monday,FALSE,Cuenca,Azuay,B,6,1355
8/7/2017,4,693,2003,329.241,331.843,57.942,25.204,8,2017,Winter,Monday,FALSE,Quito,Pichincha,D,9,1231
8/7/2017,40,735,4775,457,168.317,60,8,8,2017,Winter,Monday,FALSE,Machala,El Oro,C,3,1489
8/7/2017,41,724,2274,506.919,208.752,50.453,9,8,2017,Winter,Monday,FALSE,Machala,El Oro,D,4,1102
8/7/2017,42,868,2518,487.327,205.257,72.748,19.25,8,2017,Winter,Monday,FALSE,Cuenca,Azuay,D,2,1086
8/7/2017,43,878,5771,753,209.864,183.069,0,8,2017,Winter,Monday,FALSE,Esmeraldas,Esmeraldas,E,10,1562
8/7/2017,44,2103,8254,1525.147,942.442,315.483,93.008,8,2017,Winter,Monday,FALSE,Quito,Pichincha,A,5,4049
8/7/2017,45,2220,8488,1159.729,1276.061,239.159,94.282,8,2017,Winter,Monday,FALSE,Quito,Pichincha,A,11,3756
8/7/2017,46,1422,5346,813,713.332,139.495,47.903,8,2017,Winter,Monday,FALSE,Quito,Pichincha,A,14,3333
8/7/2017,47,1922,8272,1281.105,1409.778,264.213,65.89,8,2017,Winter,Monday,FALSE,Quito,Pichincha,A,14,3808
8/7/2017,48,1252,4327,823,781.85004,86.099,13.126,8,2017,Winter,Monday,FALSE,Quito,Pichincha,A,14,2937
8/7/2017,49,2273,6733,1318.703,1057.98,209.826,85.074,8,2017,Winter,Monday,FALSE,Quito,Pichincha,A,11,2860
8/7/2017,5,599,1884,412.288,176.033,85.178,9.011,8,2017,Winter,Monday,FALSE,Santo Domingo,Santo Domingo de los Tsachilas,D,4,1348
8/7/2017,50,1065,4011,661.432,463.749,97.468,9,8,2017,Winter,Monday,FALSE,Ambato,Tungurahua,A,14,2694
8/7/2017,51,1599,3779,966.491,689.437,114,42.9,8,2017,Winter,Monday,FALSE,Guayaquil,Guayas,A,17,1528
8/7/2017,52,1148,4190,922.864,546.41797,155.015,13,8,2017,Winter,Monday,FALSE,Manta,Manabi,A,11,2152
8/7/2017,53,509,2127,498.771,198.835,57.729,3,8,2017,Winter,Monday,FALSE,Manta,Manabi,D,13,1009
8/7/2017,54,299,3662,292,61.533,79,0,8,2017,Winter,Monday,FALSE,El Carmen,Manabi,C,3,842
8/7/2017,6,995,3199,608.566,546.533,70.747,36.592,8,2017,Winter,Monday,FALSE,Quito,Pichincha,D,13,1646
8/7/2017,7,1246,3873,703.335,613.869,134.677,39.996002,8,2017,Winter,Monday,FALSE,Quito,Pichincha,D,8,1775
8/7/2017,8,1329,4070,727.605,572.077,140.124,47.34,8,2017,Winter,Monday,FALSE,Quito,Pichincha,D,8,2646
8/7/2017,9,939,4597,547,459.03998,119.9,23.633,8,2017,Winter,Monday,FALSE,Quito,Pichincha,B,6,2200
8/8/2017,1,569,2418,361.412,277.277,84.333,74.51,8,2017,Winter,Tuesday,FALSE,Quito,Pichincha,D,13,1766
8/8/2017,10,305,1591,148,151.565,27,1,8,2017,Winter,Tuesday,FALSE,Quito,Pichincha,C,15,903
8/8/2017,11,647,4858,603,550.52,107.648,30,8,2017,Winter,Tuesday,FALSE,Cayambe,Pichincha,B,6,2285
8/8/2017,12,407,1694,173,163.418,31,9,8,2017,Winter,Tuesday,FALSE,Latacunga,Cotopaxi,C,15,1148
8/8/2017,13,244,1599,122,129.496,22,1,8,2017,Winter,Tuesday,FALSE,Latacunga,Cotopaxi,C,15,824
8/8/2017,14,340,1241,162,61.149998,101,2,8,2017,Winter,Tuesday,FALSE,Riobamba,Chimborazo,C,7,1215
8/8/2017,15,369,1767,147,124.954,40,14,8,2017,Winter,Tuesday,FALSE,Ibarra,Imbabura,C,15,1424
8/8/2017,16,216,987,164,54.404,33,2,8,2017,Winter,Tuesday,FALSE,Santo Domingo,Santo Domingo de los Tsachilas,C,3,653
8/8/2017,17,585,2994,284,349.655,54,17,8,2017,Winter,Tuesday,FALSE,Quito,Pichincha,C,12,1433
8/8/2017,18,505,2013,532,161.29199,45.927002,19.122,8,2017,Winter,Tuesday,FALSE,Quito,Pichincha,B,16,1337
8/8/2017,19,322,2607,168,145.494,41,10,8,2017,Winter,Tuesday,FALSE,Guaranda,Bolivar,C,15,1118
8/8/2017,2,674,2433,586,392.329,109.178,28.051,8,2017,Winter,Tuesday,FALSE,Quito,Pichincha,D,13,1688
8/8/2017,20,663,3675,434,251.912,65.048996,18.982,8,2017,Winter,Tuesday,FALSE,Quito,Pichincha,B,6,1543
8/8/2017,21,654,4133,437,204.34,153.516,8,8,2017,Winter,Tuesday,FALSE,Santo Domingo,Santo Domingo de los Tsachilas,B,6,1112
8/8/2017,22,282,1777,125,187.997,26,6,8,2017,Winter,Tuesday,FALSE,Puyo,Pastaza,C,7,730
8/8/2017,23,478,1432,237.904,338.194,37.075,12,8,2017,Winter,Tuesday,FALSE,Ambato,Tungurahua,D,9,908
8/8/2017,24,1186,2905,585.363,457.129,111.148,21.828001,8,2017,Winter,Tuesday,FALSE,Guayaquil,Guayas,D,1,2097
8/8/2017,25,490,1357,304.017,138.095,30.088,5,8,2017,Winter,Tuesday,FALSE,Salinas,Santa Elena,D,1,823
8/8/2017,26,133,607,230,101.557,56,3,8,2017,Winter,Tuesday,FALSE,Guayaquil,Guayas,D,10,450
8/8/2017,27,794,2188,475.312,281.057,46.916,6.429,8,2017,Winter,Tuesday,FALSE,Daule,Guayas,D,1,1397
8/8/2017,28,703,2938,570,197.183,91.024,5,8,2017,Winter,Tuesday,FALSE,Guayaquil,Guayas,E,10,1211
8/8/2017,29,631,3681,679,221.36,69.937,7,8,2017,Winter,Tuesday,FALSE,Guayaquil,Guayas,E,10,1218
8/8/2017,3,1747,6704,1086.024,947.352,193.132,68.081,8,2017,Winter,Tuesday,FALSE,Quito,Pichincha,D,8,2835
8/8/2017,30,244,1300,163,89.192,22,0,8,2017,Winter,Tuesday,FALSE,Guayaquil,Guayas,C,3,739
8/8/2017,31,623,3260,586,166.162,67.868,1,8,2017,Winter,Tuesday,FALSE,Babahoyo,Los Rios,B,10,1368
8/8/2017,32,135,1791,89,51.002,5,1,8,2017,Winter,Tuesday,FALSE,Guayaquil,Guayas,C,3,574
8/8/2017,33,325,2736,238,274.233,42,1,8,2017,Winter,Tuesday,FALSE,Quevedo,Los Rios,C,3,879
8/8/2017,34,448,2144,611,128,22,1,8,2017,Winter,Tuesday,FALSE,Guayaquil,Guayas,B,6,1983
8/8/2017,35,169,1109,160,51.89,15,1,8,2017,Winter,Tuesday,FALSE,Playas,Guayas,C,3,660
8/8/2017,36,701,4079,605,135.302,42,1,8,2017,Winter,Tuesday,FALSE,Libertad,Guayas,E,10,1157
8/8/2017,37,765,2368,483.408,232.395,59.003998,7.703,8,2017,Winter,Tuesday,FALSE,Cuenca,Azuay,D,2,1406
8/8/2017,38,758,1639,419.073,94.89,41.748,5,8,2017,Winter,Tuesday,FALSE,Loja,Loja,D,4,1349
8/8/2017,39,732,3863,654,213.112,61.937,7.054,8,2017,Winter,Tuesday,FALSE,Cuenca,Azuay,B,6,1471
8/8/2017,4,577,1901,300.032,312.2,57.472,29.231,8,2017,Winter,Tuesday,FALSE,Quito,Pichincha,D,9,1222
8/8/2017,40,641,4050,536,187.287,58,0,8,2017,Winter,Tuesday,FALSE,Machala,El Oro,C,3,1458
8/8/2017,41,565,1587,412.874,173.198,41.786,3,8,2017,Winter,Tuesday,FALSE,Machala,El Oro,D,4,1006
8/8/2017,42,698,1891,400.855,174.322,55.673,8.03,8,2017,Winter,Tuesday,FALSE,Cuenca,Azuay,D,2,1026
8/8/2017,43,794,4658,681,276.962,149.609,0,8,2017,Winter,Tuesday,FALSE,Esmeraldas,Esmeraldas,E,10,1475
8/8/2017,44,1756,6967,1391.784,790.96,254.187,91.683,8,2017,Winter,Tuesday,FALSE,Quito,Pichincha,A,5,3690
8/8/2017,45,1786,6662,1072.639,1169.626,194.481,64.865,8,2017,Winter,Tuesday,FALSE,Quito,Pichincha,A,11,3476
8/8/2017,46,1124,4005,778,553.895,110.316,34.652,8,2017,Winter,Tuesday,FALSE,Quito,Pichincha,A,14,3057
8/8/2017,47,1622,6583,1089.915,914.094,187.399,65.205,8,2017,Winter,Tuesday,FALSE,Quito,Pichincha,A,14,3424
8/8/2017,48,1015,3604,666,688.733,77.525,22.45,8,2017,Winter,Tuesday,FALSE,Quito,Pichincha,A,14,2607
8/8/2017,49,1734,5470,1174.233,784.15497,155.075,78.187,8,2017,Winter,Tuesday,FALSE,Quito,Pichincha,A,11,2635
8/8/2017,5,479,1367,350.951,214.09799,51.036,10.88,8,2017,Winter,Tuesday,FALSE,Santo Domingo,Santo Domingo de los Tsachilas,D,4,1183
8/8/2017,50,957,3564,483.132,255.893,78.382,13.701,8,2017,Winter,Tuesday,FALSE,Ambato,Tungurahua,A,14,2545
8/8/2017,51,1193,3269,685.902,571.272,105.945,35.956,8,2017,Winter,Tuesday,FALSE,Guayaquil,Guayas,A,17,1469
8/8/2017,52,994,3308,636.303,354.673,102.936,3,8,2017,Winter,Tuesday,FALSE,Manta,Manabi,A,11,1997
8/8/2017,53,403,1533,417.105,174.604,56.321,2,8,2017,Winter,Tuesday,FALSE,Manta,Manabi,D,13,977
8/8/2017,54,235,5644,219,73.289,86,12,8,2017,Winter,Tuesday,FALSE,El Carmen,Manabi,C,3,752
8/8/2017,6,758,2707,470.199,472.249,89.618,30.244,8,2017,Winter,Tuesday,FALSE,Quito,Pichincha,D,13,1569
8/8/2017,7,1217,3310,617.179,676.474,86.256,54.424,8,2017,Winter,Tuesday,FALSE,Quito,Pichincha,D,8,1618
8/8/2017,8,1081,3456,759.902,444.143,111.084,28.035,8,2017,Winter,Tuesday,FALSE,Quito,Pichincha,D,8,2497
8/8/2017,9,725,3212,461,358.132,112.954,15.6779995,8,2017,Winter,Tuesday,FALSE,Quito,Pichincha,B,6,2035
8/9/2017,1,789,2311,399.547,289.324,51.189,21.437,8,2017,Winter,Wednesday,FALSE,Quito,Pichincha,D,13,1766
8/9/2017,10,462,1188,65,119.395996,19,1,8,2017,Winter,Wednesday,FALSE,Quito,Pichincha,C,15,843
8/9/2017,11,626,4055,472,434.008,110.466,13,8,2017,Winter,Wednesday,FALSE,Cayambe,Pichincha,B,6,2306
8/9/2017,12,366,1367,181,136.282,32,2,8,2017,Winter,Wednesday,FALSE,Latacunga,Cotopaxi,C,15,1118
8/9/2017,13,251,1343,75,52.939,17,2,8,2017,Winter,Wednesday,FALSE,Latacunga,Cotopaxi,C,15,774
8/9/2017,14,445,1377,146,43.655,73,6,8,2017,Winter,Wednesday,FALSE,Riobamba,Chimborazo,C,7,1212
8/9/2017,15,359,1469,145,78.226,44,9,8,2017,Winter,Wednesday,FALSE,Ibarra,Imbabura,C,15,1327
8/9/2017,16,238,1038,116,60.762,35,1,8,2017,Winter,Wednesday,FALSE,Santo Domingo,Santo Domingo de los Tsachilas,C,3,673
8/9/2017,17,1177,2020,268,260.253,61,7,8,2017,Winter,Wednesday,FALSE,Quito,Pichincha,C,12,1284
8/9/2017,18,568,1531,468,134.292,51.901,9.886,8,2017,Winter,Wednesday,FALSE,Quito,Pichincha,B,16,1145
8/9/2017,19,313,2481,131,78.859,21,5,8,2017,Winter,Wednesday,FALSE,Guaranda,Bolivar,C,15,1120
8/9/2017,2,726,2324,598,398.318,109.417,42.032,8,2017,Winter,Wednesday,FALSE,Quito,Pichincha,D,13,1786
8/9/2017,20,653,3045,389,178.597,54.138,16.389,8,2017,Winter,Wednesday,FALSE,Quito,Pichincha,B,6,1416
8/9/2017,21,690,2447,350,149.26201,139.95801,6,8,2017,Winter,Wednesday,FALSE,Santo Domingo,Santo Domingo de los Tsachilas,B,6,965
8/9/2017,22,314,1719,130,193.754,34,1,8,2017,Winter,Wednesday,FALSE,Puyo,Pastaza,C,7,734
8/9/2017,23,494,1285,311.605,365.858,33.915,6.679,8,2017,Winter,Wednesday,FALSE,Ambato,Tungurahua,D,9,1043
8/9/2017,24,1187,3231,710.141,533.535,133.945,20.207,8,2017,Winter,Wednesday,FALSE,Guayaquil,Guayas,D,1,2221
8/9/2017,25,623,1783,449.919,219.155,51.363,1,8,2017,Winter,Wednesday,FALSE,Salinas,Santa Elena,D,1,1014
8/9/2017,26,174,549,211,104.133995,23,2,8,2017,Winter,Wednesday,FALSE,Guayaquil,Guayas,D,10,506
8/9/2017,27,766,2285,520.175,338.372,64.543,19.904,8,2017,Winter,Wednesday,FALSE,Daule,Guayas,D,1,1587
8/9/2017,28,580,1979,427,171.418,57.978,3,8,2017,Winter,Wednesday,FALSE,Guayaquil,Guayas,E,10,1050
8/9/2017,29,627,2680,455,136.87,62.816,4,8,2017,Winter,Wednesday,FALSE,Guayaquil,Guayas,E,10,1051
8/9/2017,3,1918,6825,1169.541,943.184,255.534,83.973,8,2017,Winter,Wednesday,FALSE,Quito,Pichincha,D,8,2962
8/9/2017,30,304,1699,163,96.109,20,6,8,2017,Winter,Wednesday,FALSE,Guayaquil,Guayas,C,3,709
8/9/2017,31,651,2766,415,92.235,44,4,8,2017,Winter,Wednesday,FALSE,Babahoyo,Los Rios,B,10,1247
8/9/2017,32,136,745,158,46.765,6,2,8,2017,Winter,Wednesday,FALSE,Guayaquil,Guayas,C,3,542
8/9/2017,33,564,2448,166,205.608,25,0,8,2017,Winter,Wednesday,FALSE,Quevedo,Los Rios,C,3,857
8/9/2017,34,701,2101,620,155.513,15,6,8,2017,Winter,Wednesday,FALSE,Guayaquil,Guayas,B,6,2025
8/9/2017,35,193,1103,100,16.234001,17,0,8,2017,Winter,Wednesday,FALSE,Playas,Guayas,C,3,586
8/9/2017,36,558,4250,411,93.236,43.912,1,8,2017,Winter,Wednesday,FALSE,Libertad,Guayas,E,10,999
8/9/2017,37,841,2742,532.06,268.447,78.039,17.58,8,2017,Winter,Wednesday,FALSE,Cuenca,Azuay,D,2,1536
8/9/2017,38,825,2120,476.575,135.43,65.03,17.347,8,2017,Winter,Wednesday,FALSE,Loja,Loja,D,4,1547
8/9/2017,39,611,2686,671,187.646,47.427002,16.365,8,2017,Winter,Wednesday,FALSE,Cuenca,Azuay,B,6,1318
8/9/2017,4,602,2020,296.955,312.375,47.978,17.544,8,2017,Winter,Wednesday,FALSE,Quito,Pichincha,D,9,1325
8/9/2017,40,966,4192,440,129.854,50,12,8,2017,Winter,Wednesday,FALSE,Machala,El Oro,C,3,1263
8/9/2017,41,696,1788,485.38,165.673,100.919,11,8,2017,Winter,Wednesday,FALSE,Machala,El Oro,D,4,1182
8/9/2017,42,688,1943,422.16,190.282,55.258,10.891,8,2017,Winter,Wednesday,FALSE,Cuenca,Azuay,D,2,1063
8/9/2017,43,640,4443,500,230.282,102,0,8,2017,Winter,Wednesday,FALSE,Esmeraldas,Esmeraldas,E,10,1443
8/9/2017,44,2155,7679,1325.756,1117.861,289.667,73.954,8,2017,Winter,Wednesday,FALSE,Quito,Pichincha,A,5,4239
8/9/2017,45,1919,6975,1154.667,979.273,227.474,79.776,8,2017,Winter,Wednesday,FALSE,Quito,Pichincha,A,11,3631
8/9/2017,46,1158,4449,732,617.435,144.72101,36.43,8,2017,Winter,Wednesday,FALSE,Quito,Pichincha,A,14,3173
8/9/2017,47,1815,6389,1054.31,817.339,208.85,66.463,8,2017,Winter,Wednesday,FALSE,Quito,Pichincha,A,14,3644
8/9/2017,48,780,3214,640,625.742,73.112,18.722,8,2017,Winter,Wednesday,FALSE,Quito,Pichincha,A,14,2590
8/9/2017,49,1962,5562,1237.521,819.36,213.571,79.022,8,2017,Winter,Wednesday,FALSE,Quito,Pichincha,A,11,2854
8/9/2017,5,520,1575,347.098,215.72,53.745,9.355,8,2017,Winter,Wednesday,FALSE,Santo Domingo,Santo Domingo de los Tsachilas,D,4,1275
8/9/2017,50,946,3517,607.662,365.353,99.714005,12.332,8,2017,Winter,Wednesday,FALSE,Ambato,Tungurahua,A,14,2480
8/9/2017,51,1757,4267,883.987,684.901,147.079,51.152,8,2017,Winter,Wednesday,FALSE,Guayaquil,Guayas,A,17,1748
8/9/2017,52,1238,4094,902.763,433.775,180.823,8,8,2017,Winter,Wednesday,FALSE,Manta,Manabi,A,11,2300
8/9/2017,53,411,1995,452.344,179.684,121.771,5,8,2017,Winter,Wednesday,FALSE,Manta,Manabi,D,13,1084
8/9/2017,54,307,1918,197,51.015,91,4,8,2017,Winter,Wednesday,FALSE,El Carmen,Manabi,C,3,748
8/9/2017,6,837,2854,515.895,409.068,85.632996,30.630001,8,2017,Winter,Wednesday,FALSE,Quito,Pichincha,D,13,1649
8/9/2017,7,1274,3982,578.09,607.70703,120.619,48.765,8,2017,Winter,Wednesday,FALSE,Quito,Pichincha,D,8,1750
8/9/2017,8,1286,4476,783.058,481.08398,144.043,35.36,8,2017,Winter,Wednesday,FALSE,Quito,Pichincha,D,8,2739
8/9/2017,9,687,2686,423,333.132,123.465,17.602,8,2017,Winter,Wednesday,FALSE,Quito,Pichincha,B,6,2003
8/10/2017,1,736,2377,417.021,268.744,97.532,39.369,8,2017,Winter,Thursday,FALSE,Quito,Pichincha,D,13,1764
8/10/2017,10,211,1676,72,120.494995,54,1,8,2017,Winter,Thursday,FALSE,Quito,Pichincha,C,15,853
8/10/2017,11,575,4596,868,246.44499,142.355,8,8,2017,Winter,Thursday,FALSE,Cayambe,Pichincha,B,6,2176
8/10/2017,12,341,1543,175,162.061,45,0,8,2017,Winter,Thursday,FALSE,Latacunga,Cotopaxi,C,15,1182
8/10/2017,13,218,1501,71,126.257,21,0,8,2017,Winter,Thursday,FALSE,Latacunga,Cotopaxi,C,15,819
8/10/2017,14,332,1188,149,123.056,99,4,8,2017,Winter,Thursday,FALSE,Riobamba,Chimborazo,C,7,1241
8/10/2017,15,353,1466,151,127.53,43,6,8,2017,Winter,Thursday,FALSE,Ibarra,Imbabura,C,15,1355
8/10/2017,16,192,1399,88,51.864,31,0,8,2017,Winter,Thursday,FALSE,Santo Domingo,Santo Domingo de los Tsachilas,C,3,667
8/10/2017,17,458,2448,255,293.557,61,9,8,2017,Winter,Thursday,FALSE,Quito,Pichincha,C,12,1267
8/10/2017,18,414,1655,470,129.792,42.742,11,8,2017,Winter,Thursday,FALSE,Quito,Pichincha,B,16,1102
8/10/2017,19,280,1993,130,207.206,25,7,8,2017,Winter,Thursday,FALSE,Guaranda,Bolivar,C,15,1062
8/10/2017,2,597,2936,501,358.922,73.426,22.127,8,2017,Winter,Thursday,FALSE,Quito,Pichincha,D,13,1695
8/10/2017,20,578,4786,369,190.978,56.304,14.43,8,2017,Winter,Thursday,FALSE,Quito,Pichincha,B,6,1520
8/10/2017,21,446,2215,279,159.317,143.073,1,8,2017,Winter,Thursday,FALSE,Santo Domingo,Santo Domingo de los Tsachilas,B,6,882
8/10/2017,22,299,1984,107,135.9,30,1,8,2017,Winter,Thursday,FALSE,Puyo,Pastaza,C,7,730
8/10/2017,23,483,1350,287.421,251.106,31.948,5,8,2017,Winter,Thursday,FALSE,Ambato,Tungurahua,D,9,979
8/10/2017,24,1016,2576,688.038,418.697,94.067,14.918,8,2017,Winter,Thursday,FALSE,Guayaquil,Guayas,D,1,2149
8/10/2017,25,672,3123,551.577,249.468,47.055,4,8,2017,Winter,Thursday,FALSE,Salinas,Santa Elena,D,1,1044
8/10/2017,26,160,601,131,103.881996,12,1,8,2017,Winter,Thursday,FALSE,Guayaquil,Guayas,D,10,451
8/10/2017,27,683,2002,387.6,259.455,66.048996,11.432,8,2017,Winter,Thursday,FALSE,Daule,Guayas,D,1,1416
8/10/2017,28,462,2859,374,139.72,38.721,2,8,2017,Winter,Thursday,FALSE,Guayaquil,Guayas,E,10,1023
8/10/2017,29,439,2242,424,126.267,48.889,6,8,2017,Winter,Thursday,FALSE,Guayaquil,Guayas,E,10,1040
8/10/2017,3,1617,6694,952.513,806.341,197.133,64.095,8,2017,Winter,Thursday,FALSE,Quito,Pichincha,D,8,2841
8/10/2017,30,182,1195,148,104.863,22,1,8,2017,Winter,Thursday,FALSE,Guayaquil,Guayas,C,3,629
8/10/2017,31,456,2670,441,148.15799,43.043,2,8,2017,Winter,Thursday,FALSE,Babahoyo,Los Rios,B,10,1204
8/10/2017,32,93,689,151,34.059,12,2,8,2017,Winter,Thursday,FALSE,Guayaquil,Guayas,C,3,596
8/10/2017,33,258,1326,164,209.943,24,0,8,2017,Winter,Thursday,FALSE,Quevedo,Los Rios,C,3,815
8/10/2017,34,542,2585,702,130.43001,36,4,8,2017,Winter,Thursday,FALSE,Guayaquil,Guayas,B,6,2150
8/10/2017,35,121,1307,132,113.377,11,0,8,2017,Winter,Thursday,FALSE,Playas,Guayas,C,3,660
8/10/2017,36,473,3288,493,112.285995,32.858,1,8,2017,Winter,Thursday,FALSE,Libertad,Guayas,E,10,1040
8/10/2017,37,790,2453,587.295,225.9,88.102005,16.618,8,2017,Winter,Thursday,FALSE,Cuenca,Azuay,D,2,1523
8/10/2017,38,616,1919,432.902,132.537,96.997,20.042,8,2017,Winter,Thursday,FALSE,Loja,Loja,D,4,1488
8/10/2017,39,475,3278,644,232.954,33.804,10,8,2017,Winter,Thursday,FALSE,Cuenca,Azuay,B,6,1455
8/10/2017,4,526,1856,327.107,250.717,62.181,14.259,8,2017,Winter,Thursday,FALSE,Quito,Pichincha,D,9,1281
8/10/2017,40,474,5716,352,183.88,41,4,8,2017,Winter,Thursday,FALSE,Machala,El Oro,C,3,1293
8/10/2017,41,574,1485,396.635,133.156,50.886,3,8,2017,Winter,Thursday,FALSE,Machala,El Oro,D,4,1034
8/10/2017,42,665,1965,338.923,190.284,53.592,10.769,8,2017,Winter,Thursday,FALSE,Cuenca,Azuay,D,2,1083
8/10/2017,43,560,5230,521,217.714,91.013,0,8,2017,Winter,Thursday,FALSE,Esmeraldas,Esmeraldas,E,10,1455
8/10/2017,44,1864,7595,1216.585,922.268,300.255,50.77,8,2017,Winter,Thursday,FALSE,Quito,Pichincha,A,5,3974
8/10/2017,45,1608,6243,957.481,925.294,215.702,45.124,8,2017,Winter,Thursday,FALSE,Quito,Pichincha,A,11,3540
8/10/2017,46,1082,4306,720,530.253,108.162,35.176003,8,2017,Winter,Thursday,FALSE,Quito,Pichincha,A,14,2937
8/10/2017,47,1474,6281,1002.517,743.893,165.696,42.085,8,2017,Winter,Thursday,FALSE,Quito,Pichincha,A,14,3424
8/10/2017,48,839,3370,631,611.637,78.996,15.932,8,2017,Winter,Thursday,FALSE,Quito,Pichincha,A,14,2627
8/10/2017,49,1800,5531,1043.679,673.765,168.075,55.971,8,2017,Winter,Thursday,FALSE,Quito,Pichincha,A,11,2654
8/10/2017,5,495,1658,344.701,198.971,53.276,7.0959997,8,2017,Winter,Thursday,FALSE,Santo Domingo,Santo Domingo de los Tsachilas,D,4,1262
8/10/2017,50,896,3863,488.327,298.216,115.298004,9,8,2017,Winter,Thursday,FALSE,Ambato,Tungurahua,A,14,2600
8/10/2017,51,1127,3320,611.017,468.644,109.363,26.804,8,2017,Winter,Thursday,FALSE,Guayaquil,Guayas,A,17,1452
8/10/2017,52,1041,3776,755.812,381.248,151.925,9,8,2017,Winter,Thursday,FALSE,Manta,Manabi,A,11,2165
8/10/2017,53,367,1692,351.045,117.427,56.183,2,8,2017,Winter,Thursday,FALSE,Manta,Manabi,D,13,994
8/10/2017,54,190,4686,144,49.666,61,2,8,2017,Winter,Thursday,FALSE,El Carmen,Manabi,C,3,670
8/10/2017,6,695,2466,392.718,371.706,75.479996,18.449,8,2017,Winter,Thursday,FALSE,Quito,Pichincha,D,13,1527
8/10/2017,7,1085,3246,573.494,556.61,124.843,32.756,8,2017,Winter,Thursday,FALSE,Quito,Pichincha,D,8,1702
8/10/2017,8,1163,3779,676.615,437.536,159.784,29.789,8,2017,Winter,Thursday,FALSE,Quito,Pichincha,D,8,2649
8/10/2017,9,555,2465,309,291.82098,111.93,14.35,8,2017,Winter,Thursday,FALSE,Quito,Pichincha,B,6,1923
8/11/2017,1,343,1006,145.607,259.118,24.963001,19.424,8,2017,Winter,Friday,TRUE,Quito,Pichincha,D,13,570
8/11/2017,10,251,1459,76,169.418,10,1,8,2017,Winter,Friday,TRUE,Quito,Pichincha,C,15,728
8/11/2017,11,608,5182,634,560.17,101.867,10,8,2017,Winter,Friday,TRUE,Cayambe,Pichincha,B,6,2254
8/11/2017,12,387,1481,145,182.591,30,6,8,2017,Winter,Friday,TRUE,Latacunga,Cotopaxi,C,15,1057
8/11/2017,13,250,1601,100,103.2,16,1,8,2017,Winter,Friday,TRUE,Latacunga,Cotopaxi,C,15,841
8/11/2017,14,332,1522,167,77.553,84,3,8,2017,Winter,Friday,TRUE,Riobamba,Chimborazo,C,7,1072
8/11/2017,15,269,1378,99,128.714,29,2,8,2017,Winter,Friday,TRUE,Ibarra,Imbabura,C,15,1074
8/11/2017,16,254,1639,125,137.913,29,0,8,2017,Winter,Friday,TRUE,Santo Domingo,Santo Domingo de los Tsachilas,C,3,736
8/11/2017,17,569,3021,276,427.813,66,9,8,2017,Winter,Friday,TRUE,Quito,Pichincha,C,12,1524
8/11/2017,18,447,1557,427,163.395,47.021,8,8,2017,Winter,Friday,TRUE,Quito,Pichincha,B,16,930
8/11/2017,19,303,3177,116,129.239,13,2,8,2017,Winter,Friday,TRUE,Guaranda,Bolivar,C,15,1158
8/11/2017,2,790,2390,601,533.774,128.282,25.675001,8,2017,Winter,Friday,TRUE,Quito,Pichincha,D,13,1698
8/11/2017,20,718,4250,409,692.722,89.261,24.866,8,2017,Winter,Friday,TRUE,Quito,Pichincha,B,6,1751
8/11/2017,21,519,3568,379,213.296,153.625,5,8,2017,Winter,Friday,TRUE,Santo Domingo,Santo Domingo de los Tsachilas,B,6,1165
8/11/2017,22,239,1719,121,242.621,21,0,8,2017,Winter,Friday,TRUE,Puyo,Pastaza,C,7,701
8/11/2017,23,519,1195,281.876,351.438,31.789,5.639,8,2017,Winter,Friday,TRUE,Ambato,Tungurahua,D,9,955
8/11/2017,24,1174,3269,745.226,605.144,122.957,24.329,8,2017,Winter,Friday,TRUE,Guayaquil,Guayas,D,1,2008
8/11/2017,25,1604,6318,930.325,431.745,87.988,21,8,2017,Winter,Friday,TRUE,Salinas,Santa Elena,D,1,2195
8/11/2017,26,248,668,214,273.818,22,1,8,2017,Winter,Friday,TRUE,Guayaquil,Guayas,D,10,542
8/11/2017,27,1124,3480,621.936,506.21802,79.923996,38.094,8,2017,Winter,Friday,TRUE,Daule,Guayas,D,1,1936
8/11/2017,28,774,4471,614,328.414,117.655,4,8,2017,Winter,Friday,TRUE,Guayaquil,Guayas,E,10,1390
8/11/2017,29,600,3695,548,259.38,70.667,9,8,2017,Winter,Friday,TRUE,Guayaquil,Guayas,E,10,1199
8/11/2017,3,1992,7032,1161.047,1365.597,288.315,94.312996,8,2017,Winter,Friday,TRUE,Quito,Pichincha,D,8,2991
8/11/2017,30,212,1086,122,152.055,29,4,8,2017,Winter,Friday,TRUE,Guayaquil,Guayas,C,3,640
8/11/2017,31,555,5050,516,158.831,71,5,8,2017,Winter,Friday,TRUE,Babahoyo,Los Rios,B,10,1240
8/11/2017,32,122,2050,78,88.651,12,1,8,2017,Winter,Friday,TRUE,Guayaquil,Guayas,C,3,567
8/11/2017,33,398,1636,197,278.804,39,1,8,2017,Winter,Friday,TRUE,Quevedo,Los Rios,C,3,810
8/11/2017,34,576,2866,840,197.791,40.282,0,8,2017,Winter,Friday,TRUE,Guayaquil,Guayas,B,6,2256
8/11/2017,35,196,2394,107,85.663,19,4,8,2017,Winter,Friday,TRUE,Playas,Guayas,C,3,847
8/11/2017,36,691,4643,612,185.563,58.054,4,8,2017,Winter,Friday,TRUE,Libertad,Guayas,E,10,1252
8/11/2017,37,731,1876,353.868,228.93,73.832,7,8,2017,Winter,Friday,TRUE,Cuenca,Azuay,D,2,1122
8/11/2017,38,690,1972,343.906,180.442,76.205,17.16,8,2017,Winter,Friday,TRUE,Loja,Loja,D,4,1577
8/11/2017,39,507,2456,567,328.275,74.094,17,8,2017,Winter,Friday,TRUE,Cuenca,Azuay,B,6,1170
8/11/2017,4,661,2045,294.703,452.253,66.976,29.553,8,2017,Winter,Friday,TRUE,Quito,Pichincha,D,9,1301
8/11/2017,40,424,5682,326,267.397,46,3,8,2017,Winter,Friday,TRUE,Machala,El Oro,C,3,1090
8/11/2017,41,771,2298,515.194,248.628,58.807,11,8,2017,Winter,Friday,TRUE,Machala,El Oro,D,4,1316
8/11/2017,42,858,1906,378.391,272.082,47.361,11.397,8,2017,Winter,Friday,TRUE,Cuenca,Azuay,D,2,1055
8/11/2017,43,718,5198,479,332.742,133.957,1,8,2017,Winter,Friday,TRUE,Esmeraldas,Esmeraldas,E,10,1532
8/11/2017,44,2644,9517,1772.026,1489.224,276.162,127.927,8,2017,Winter,Friday,TRUE,Quito,Pichincha,A,5,4418
8/11/2017,45,2497,8983,1357.47,1782.735,318.648,135.124,8,2017,Winter,Friday,TRUE,Quito,Pichincha,A,11,4302
8/11/2017,46,1605,6528,1015,1005.745,198.099,49.924,8,2017,Winter,Friday,TRUE,Quito,Pichincha,A,14,3814
8/11/2017,47,2148,8792,1255.752,1449.797,259.29102,92.123,8,2017,Winter,Friday,TRUE,Quito,Pichincha,A,14,4009
8/11/2017,48,1377,4907,941,1050.864,149.759,34.453,8,2017,Winter,Friday,TRUE,Quito,Pichincha,A,14,3220
8/11/2017,49,2241,6696,1323.13,1290.441,291.781,99.916,8,2017,Winter,Friday,TRUE,Quito,Pichincha,A,11,3117
8/11/2017,5,489,1717,312.186,297.857,55.691,8.402,8,2017,Winter,Friday,TRUE,Santo Domingo,Santo Domingo de los Tsachilas,D,4,1183
8/11/2017,50,1208,4264,677.468,601.423,126.951004,22.524,8,2017,Winter,Friday,TRUE,Ambato,Tungurahua,A,14,2971
8/11/2017,51,1804,5356,932.583,1081.482,189.306,74.934,8,2017,Winter,Friday,TRUE,Guayaquil,Guayas,A,17,1922
8/11/2017,52,1517,5644,1213.521,775.523,191.747,23,8,2017,Winter,Friday,TRUE,Manta,Manabi,A,11,2957
8/11/2017,53,560,2281,528.605,276.109,70.213,8,8,2017,Winter,Friday,TRUE,Manta,Manabi,D,13,1272
8/11/2017,54,254,3223,137,80.759,54,0,8,2017,Winter,Friday,TRUE,El Carmen,Manabi,C,3,768
8/11/2017,6,1044,3173,533.632,605.954,131.786,52.797,8,2017,Winter,Friday,TRUE,Quito,Pichincha,D,13,1747
8/11/2017,7,1084,3100,495.624,629.61597,149.645,40.477,8,2017,Winter,Friday,TRUE,Quito,Pichincha,D,8,1541
8/11/2017,8,1275,4075,655.41,774.147,114.433,48.734,8,2017,Winter,Friday,TRUE,Quito,Pichincha,D,8,2212
8/11/2017,9,738,2619,387,525.224,112.1,23.831,8,2017,Winter,Friday,TRUE,Quito,Pichincha,B,6,1848
8/12/2017,1,526,1659,243.22,217.664,48.058,20.15,8,2017,Winter,Saturday,FALSE,Quito,Pichincha,D,13,1004
8/12/2017,10,255,1332,113,146.996,37,0,8,2017,Winter,Saturday,FALSE,Quito,Pichincha,C,15,953
8/12/2017,11,527,4323,582,368.711,88.724,9,8,2017,Winter,Saturday,FALSE,Cayambe,Pichincha,B,6,2230
8/12/2017,12,294,1643,139,139.275,17,1,8,2017,Winter,Saturday,FALSE,Latacunga,Cotopaxi,C,15,1103
8/12/2017,13,315,1796,111,151.78,11,2,8,2017,Winter,Saturday,FALSE,Latacunga,Cotopaxi,C,15,1023
8/12/2017,14,437,1621,136,200.442,105,7,8,2017,Winter,Saturday,FALSE,Riobamba,Chimborazo,C,7,1359
8/12/2017,15,290,1418,136,100.798004,38,2,8,2017,Winter,Saturday,FALSE,Ibarra,Imbabura,C,15,1161
8/12/2017,16,232,1222,113,58.697,16,0,8,2017,Winter,Saturday,FALSE,Santo Domingo,Santo Domingo de los Tsachilas,C,3,717
8/12/2017,17,610,3153,306,389.311,70,16,8,2017,Winter,Saturday,FALSE,Quito,Pichincha,C,12,1547
8/12/2017,18,511,2277,492,187.222,57.12,13.32,8,2017,Winter,Saturday,FALSE,Quito,Pichincha,B,16,990
8/12/2017,19,441,3551,212,306.323,30,6,8,2017,Winter,Saturday,FALSE,Guaranda,Bolivar,C,15,1578
8/12/2017,2,734,2649,637,359.522,130.451,26.413,8,2017,Winter,Saturday,FALSE,Quito,Pichincha,D,13,1613
8/12/2017,20,742,6375,422,257.851,79.193,14.323999,8,2017,Winter,Saturday,FALSE,Quito,Pichincha,B,6,1664
8/12/2017,21,496,2584,356,198.429,121.988,9,8,2017,Winter,Saturday,FALSE,Santo Domingo,Santo Domingo de los Tsachilas,B,6,1119
8/12/2017,22,340,2243,107,163.44699,23,0,8,2017,Winter,Saturday,FALSE,Puyo,Pastaza,C,7,888
8/12/2017,23,416,1481,171.248,211.438,26,13,8,2017,Winter,Saturday,FALSE,Ambato,Tungurahua,D,9,844
8/12/2017,24,1184,3498,797.436,467.265,115.483,35.414,8,2017,Winter,Saturday,FALSE,Guayaquil,Guayas,D,1,1943
8/12/2017,25,1019,4041,628.291,230.031,69.976,15,8,2017,Winter,Saturday,FALSE,Salinas,Santa Elena,D,1,1946
8/12/2017,26,253,675,214,160.717,17,5,8,2017,Winter,Saturday,FALSE,Guayaquil,Guayas,D,10,507
8/12/2017,27,972,3112,570.498,367.858,87.987,13.9279995,8,2017,Winter,Saturday,FALSE,Daule,Guayas,D,1,1773
8/12/2017,28,838,4194,695,280.5,63.768,5,8,2017,Winter,Saturday,FALSE,Guayaquil,Guayas,E,10,1284
8/12/2017,29,665,2929,665,184.457,81.516,5,8,2017,Winter,Saturday,FALSE,Guayaquil,Guayas,E,10,1196
8/12/2017,3,1989,7685,1156.9,1057.825,231.714,71.917,8,2017,Winter,Saturday,FALSE,Quito,Pichincha,D,8,3070
8/12/2017,30,275,1454,198,90.248,13,8,8,2017,Winter,Saturday,FALSE,Guayaquil,Guayas,C,3,636
8/12/2017,31,719,2757,483,144.674,89.972,12,8,2017,Winter,Saturday,FALSE,Babahoyo,Los Rios,B,10,1353
8/12/2017,32,193,969,115,81.034004,20,2,8,2017,Winter,Saturday,FALSE,Guayaquil,Guayas,C,3,649
8/12/2017,33,447,5257,183,327.303,30,3,8,2017,Winter,Saturday,FALSE,Quevedo,Los Rios,C,3,892
8/12/2017,34,467,2343,671,132.301,40.741,0,8,2017,Winter,Saturday,FALSE,Guayaquil,Guayas,B,6,2026
8/12/2017,35,237,2028,103,73.411,37,0,8,2017,Winter,Saturday,FALSE,Playas,Guayas,C,3,842
8/12/2017,36,536,3749,462,109.887,39,6,8,2017,Winter,Saturday,FALSE,Libertad,Guayas,E,10,1135
8/12/2017,37,656,2154,333.848,216.012,42.469,6.844,8,2017,Winter,Saturday,FALSE,Cuenca,Azuay,D,2,1182
8/12/2017,38,771,2308,455.22,156.388,91.972,24.203,8,2017,Winter,Saturday,FALSE,Loja,Loja,D,4,1711
8/12/2017,39,517,2869,577,237.62,57.121002,16,8,2017,Winter,Saturday,FALSE,Cuenca,Azuay,B,6,1314
8/12/2017,4,670,2239,318.694,347.38,71.31,23.773,8,2017,Winter,Saturday,FALSE,Quito,Pichincha,D,9,1304
8/12/2017,40,585,4682,412,148.522,42,9,8,2017,Winter,Saturday,FALSE,Machala,El Oro,C,3,1324
8/12/2017,41,713,2149,538.899,246.623,72.487,5,8,2017,Winter,Saturday,FALSE,Machala,El Oro,D,4,1254
8/12/2017,42,658,1797,397.543,198.005,29.865,8.904,8,2017,Winter,Saturday,FALSE,Cuenca,Azuay,D,2,1019
8/12/2017,43,637,4620,488,214.698,91.144,0,8,2017,Winter,Saturday,FALSE,Esmeraldas,Esmeraldas,E,10,1540
8/12/2017,44,2531,9624,1625.735,1238.589,263.702,87.267,8,2017,Winter,Saturday,FALSE,Quito,Pichincha,A,5,4277
8/12/2017,45,2248,8969,1252.026,1361.544,282.336,92.479004,8,2017,Winter,Saturday,FALSE,Quito,Pichincha,A,11,3994
8/12/2017,46,1497,5900,943,833.863,165.772,53.406,8,2017,Winter,Saturday,FALSE,Quito,Pichincha,A,14,3697
8/12/2017,47,2069,7833,1227.991,1121.684,242.139,81.053,8,2017,Winter,Saturday,FALSE,Quito,Pichincha,A,14,3825
8/12/2017,48,1364,4702,961,833.251,124.282,32.198,8,2017,Winter,Saturday,FALSE,Quito,Pichincha,A,14,3198
8/12/2017,49,2005,6667,1131.045,889.85004,192.412,72.866,8,2017,Winter,Saturday,FALSE,Quito,Pichincha,A,11,2985
8/12/2017,5,433,1353,247.893,214.238,46.91,7.32,8,2017,Winter,Saturday,FALSE,Santo Domingo,Santo Domingo de los Tsachilas,D,4,1061
8/12/2017,50,1087,4295,500.757,392.521,77.255,15.801001,8,2017,Winter,Saturday,FALSE,Ambato,Tungurahua,A,14,2987
8/12/2017,51,1488,4137,760.013,557.544,112.321,38.772,8,2017,Winter,Saturday,FALSE,Guayaquil,Guayas,A,17,1590
8/12/2017,52,1149,4388,914.489,495.055,89.385,5,8,2017,Winter,Saturday,FALSE,Manta,Manabi,A,11,2804
8/12/2017,53,603,2105,535.714,223.098,80.798,6,8,2017,Winter,Saturday,FALSE,Manta,Manabi,D,13,1212
8/12/2017,54,215,1827,210,91.671,81,1,8,2017,Winter,Saturday,FALSE,El Carmen,Manabi,C,3,903
8/12/2017,6,895,2843,536.026,511.378,98.66,35.03,8,2017,Winter,Saturday,FALSE,Quito,Pichincha,D,13,1706
8/12/2017,7,1056,3110,551.645,476.67902,112.963,42.545002,8,2017,Winter,Saturday,FALSE,Quito,Pichincha,D,8,1612
8/12/2017,8,1280,4355,809.417,579.493,139.568,25.244,8,2017,Winter,Saturday,FALSE,Quito,Pichincha,D,8,2463
8/12/2017,9,767,3374,457,383.387,129.90399,16.859001,8,2017,Winter,Saturday,FALSE,Quito,Pichincha,B,6,1920
8/13/2017,1,266,803,136.679,115.758,20.346,11.378,8,2017,Winter,Sunday,FALSE,Quito,Pichincha,D,13,416
8/13/2017,10,270,1526,119,201.742,13,0,8,2017,Winter,Sunday,FALSE,Quito,Pichincha,C,15,810
8/13/2017,11,569,4741,582,489.115,78.925,10,8,2017,Winter,Sunday,FALSE,Cayambe,Pichincha,B,6,2101
8/13/2017,12,381,1474,184,153.15399,17,2,8,2017,Winter,Sunday,FALSE,Latacunga,Cotopaxi,C,15,1066
8/13/2017,13,210,1134,107,87.876,23,0,8,2017,Winter,Sunday,FALSE,Latacunga,Cotopaxi,C,15,769
8/13/2017,14,229,2017,140,61.86,61,4,8,2017,Winter,Sunday,FALSE,Riobamba,Chimborazo,C,7,803
8/13/2017,15,222,1367,113,90.946,36,2,8,2017,Winter,Sunday,FALSE,Ibarra,Imbabura,C,15,892
8/13/2017,16,324,1494,208,70.961,38,6,8,2017,Winter,Sunday,FALSE,Santo Domingo,Santo Domingo de los Tsachilas,C,3,727
8/13/2017,17,793,3628,428,376.227,62,19,8,2017,Winter,Sunday,FALSE,Quito,Pichincha,C,12,1563
8/13/2017,18,657,2434,664,189.90201,50.802002,15.931,8,2017,Winter,Sunday,FALSE,Quito,Pichincha,B,16,1075
8/13/2017,19,352,2119,172,57.03,23,4,8,2017,Winter,Sunday,FALSE,Guaranda,Bolivar,C,15,931
8/13/2017,2,892,2947,642,470.487,101.716995,44.046,8,2017,Winter,Sunday,FALSE,Quito,Pichincha,D,13,1658
8/13/2017,20,1071,5989,1220,454.663,87.181,18.246,8,2017,Winter,Sunday,FALSE,Quito,Pichincha,B,6,1834
8/13/2017,21,886,3893,907,197.075,229.77701,5,8,2017,Winter,Sunday,FALSE,Santo Domingo,Santo Domingo de los Tsachilas,B,6,1403
8/13/2017,22,454,1947,151,206.838,40,2,8,2017,Winter,Sunday,FALSE,Puyo,Pastaza,C,7,701
8/13/2017,23,497,1305,220.836,373.316,33.513,6.561,8,2017,Winter,Sunday,FALSE,Ambato,Tungurahua,D,9,824
8/13/2017,24,1217,3282,757.417,399.215,91.201004,14.335,8,2017,Winter,Sunday,FALSE,Guayaquil,Guayas,D,1,1520
8/13/2017,25,658,2238,400.953,192.425,50.870003,5,8,2017,Winter,Sunday,FALSE,Salinas,Santa Elena,D,1,1107
8/13/2017,26,355,1048,252,114.663,43,1,8,2017,Winter,Sunday,FALSE,Guayaquil,Guayas,D,10,472
8/13/2017,27,1461,4392,905.246,487.426,105.834,23.296,8,2017,Winter,Sunday,FALSE,Daule,Guayas,D,1,1804
8/13/2017,28,1434,5036,1032,291.083,126.978,2,8,2017,Winter,Sunday,FALSE,Guayaquil,Guayas,E,10,1504
8/13/2017,29,1110,4674,1114,218.471,89.765,12,8,2017,Winter,Sunday,FALSE,Guayaquil,Guayas,E,10,1298
8/13/2017,3,2167,8423,1182.917,1094.738,198.679,77.398,8,2017,Winter,Sunday,FALSE,Quito,Pichincha,D,8,3075
8/13/2017,30,286,1517,222,108.153,29,2,8,2017,Winter,Sunday,FALSE,Guayaquil,Guayas,C,3,673
8/13/2017,31,859,4169,718,134.592,112.055,6,8,2017,Winter,Sunday,FALSE,Babahoyo,Los Rios,B,10,1467
8/13/2017,32,219,1098,160,67.727,12,2,8,2017,Winter,Sunday,FALSE,Guayaquil,Guayas,C,3,577
8/13/2017,33,514,2090,333,261.164,31,0,8,2017,Winter,Sunday,FALSE,Quevedo,Los Rios,C,3,867
8/13/2017,34,675,2810,677,159.386,22,0,8,2017,Winter,Sunday,FALSE,Guayaquil,Guayas,B,6,2081
8/13/2017,35,172,1648,168,55.579998,27,3,8,2017,Winter,Sunday,FALSE,Playas,Guayas,C,3,658
8/13/2017,36,723,4570,713,86.841,32,2,8,2017,Winter,Sunday,FALSE,Libertad,Guayas,E,10,1159
8/13/2017,37,496,1558,333.391,213.526,57.597,8.898,8,2017,Winter,Sunday,FALSE,Cuenca,Azuay,D,2,888
8/13/2017,38,759,2253,430.342,94.22,87.12,12.313,8,2017,Winter,Sunday,FALSE,Loja,Loja,D,4,1544
8/13/2017,39,558,4244,678,160.18001,41.238,12,8,2017,Winter,Sunday,FALSE,Cuenca,Azuay,B,6,1158
8/13/2017,4,919,2863,403.816,453.172,76.337,34.833,8,2017,Winter,Sunday,FALSE,Quito,Pichincha,D,9,1378
8/13/2017,40,651,3597,519,148.19,62,2,8,2017,Winter,Sunday,FALSE,Machala,El Oro,C,3,1095
8/13/2017,41,896,2802,635.786,229.912,92.673004,8,8,2017,Winter,Sunday,FALSE,Machala,El Oro,D,4,1346
8/13/2017,42,705,1825,392.885,196.726,42.193,18.502,8,2017,Winter,Sunday,FALSE,Cuenca,Azuay,D,2,932
8/13/2017,43,1067,5463,794,303.925,239.049,3,8,2017,Winter,Sunday,FALSE,Esmeraldas,Esmeraldas,E,10,1700
8/13/2017,44,2943,10491,1843.081,1292.238,281.72,107.092,8,2017,Winter,Sunday,FALSE,Quito,Pichincha,A,5,4392
8/13/2017,45,2615,10671,1416.474,1489.133,286.27,99.755,8,2017,Winter,Sunday,FALSE,Quito,Pichincha,A,11,4054
8/13/2017,46,1837,7096,1117,946.357,145.888,59.898,8,2017,Winter,Sunday,FALSE,Quito,Pichincha,A,14,3839
8/13/2017,47,2244,10279,1360.306,1117.365,230.82,73.879,8,2017,Winter,Sunday,FALSE,Quito,Pichincha,A,14,3741
8/13/2017,48,1606,5967,1074,979.221,103.252,36.005,8,2017,Winter,Sunday,FALSE,Quito,Pichincha,A,14,3381
8/13/2017,49,2257,7178,1189.882,999.316,189.643,78.171,8,2017,Winter,Sunday,FALSE,Quito,Pichincha,A,11,3028
8/13/2017,5,572,1838,366.425,232.897,65.945,11.642,8,2017,Winter,Sunday,FALSE,Santo Domingo,Santo Domingo de los Tsachilas,D,4,1098
8/13/2017,50,1144,4600,531.092,447.345,91.013,41.527,8,2017,Winter,Sunday,FALSE,Ambato,Tungurahua,A,14,2826
8/13/2017,51,1875,5529,1067.729,807.091,160.534,39.965,8,2017,Winter,Sunday,FALSE,Guayaquil,Guayas,A,17,1816
8/13/2017,52,1400,4916,1071.987,593.294,142.568,12,8,2017,Winter,Sunday,FALSE,Manta,Manabi,A,11,2433
8/13/2017,53,673,2651,606.182,272.606,81.652,9,8,2017,Winter,Sunday,FALSE,Manta,Manabi,D,13,1164
8/13/2017,54,371,4824,393,79.062996,91,2,8,2017,Winter,Sunday,FALSE,El Carmen,Manabi,C,3,1054
8/13/2017,6,1257,4058,577.442,666.659,109.625,58.47,8,2017,Winter,Sunday,FALSE,Quito,Pichincha,D,13,1781
8/13/2017,7,1023,3325,552.075,487.113,94.795,33.648,8,2017,Winter,Sunday,FALSE,Quito,Pichincha,D,8,1410
8/13/2017,8,1526,4761,793.814,618.844,176.765,35.258,8,2017,Winter,Sunday,FALSE,Quito,Pichincha,D,8,2355
8/13/2017,9,795,3752,485,412.458,105.169,20,8,2017,Winter,Sunday,FALSE,Quito,Pichincha,B,6,1745
8/14/2017,1,699,2201,346.038,270.047,72.004,14.129,8,2017,Winter,Monday,FALSE,Quito,Pichincha,D,13,1733
8/14/2017,10,253,1129,82,133.71,27,1,8,2017,Winter,Monday,FALSE,Quito,Pichincha,C,15,875
8/14/2017,11,603,4544,583,244.969,130.225,3,8,2017,Winter,Monday,FALSE,Cayambe,Pichincha,B,6,2203
8/14/2017,12,411,1504,275,120.694,28,3,8,2017,Winter,Monday,FALSE,Latacunga,Cotopaxi,C,15,1061
8/14/2017,13,227,1512,154,58.017,26,0,8,2017,Winter,Monday,FALSE,Latacunga,Cotopaxi,C,15,835
8/14/2017,14,353,1440,153,31.508,95,5,8,2017,Winter,Monday,FALSE,Riobamba,Chimborazo,C,7,1293
8/14/2017,15,373,1814,154,110.459,34,4,8,2017,Winter,Monday,FALSE,Ibarra,Imbabura,C,15,1431
8/14/2017,16,258,1739,153,53.479,51,0,8,2017,Winter,Monday,FALSE,Santo Domingo,Santo Domingo de los Tsachilas,C,3,667
8/14/2017,17,677,3047,309,381.421,73,5,8,2017,Winter,Monday,FALSE,Quito,Pichincha,C,12,1323
8/14/2017,18,511,1996,479,119.275,36.18,8.9869995,8,2017,Winter,Monday,FALSE,Quito,Pichincha,B,16,1201
8/14/2017,19,341,2627,198,88.735,23,5,8,2017,Winter,Monday,FALSE,Guaranda,Bolivar,C,15,1173
8/14/2017,2,738,2559,597,461.51102,115.877,34.644,8,2017,Winter,Monday,FALSE,Quito,Pichincha,D,13,1788
8/14/2017,20,669,4246,482,315.54,56.982002,4.642,8,2017,Winter,Monday,FALSE,Quito,Pichincha,B,6,1522
8/14/2017,21,646,3493,461,147.382,176.078,3,8,2017,Winter,Monday,FALSE,Santo Domingo,Santo Domingo de los Tsachilas,B,6,1045
8/14/2017,22,313,2107,117,150.576,27,6,8,2017,Winter,Monday,FALSE,Puyo,Pastaza,C,7,794
8/14/2017,23,436,1310,280.509,349.023,16.744,7.357,8,2017,Winter,Monday,FALSE,Ambato,Tungurahua,D,9,974
8/14/2017,24,1344,3106,707.966,540.376,122.109,28.54,8,2017,Winter,Monday,FALSE,Guayaquil,Guayas,D,1,2092
8/14/2017,25,590,2190,417.564,194.46,34.349,9,8,2017,Winter,Monday,FALSE,Salinas,Santa Elena,D,1,935
8/14/2017,26,203,553,211,136.362,19,1,8,2017,Winter,Monday,FALSE,Guayaquil,Guayas,D,10,479
8/14/2017,27,1040,3381,662.259,440.13,74.978,19.412,8,2017,Winter,Monday,FALSE,Daule,Guayas,D,1,1576
8/14/2017,28,735,3091,545,129.149,81.097,3,8,2017,Winter,Monday,FALSE,Guayaquil,Guayas,E,10,1064
8/14/2017,29,588,2676,710,147.773,56.499,8,8,2017,Winter,Monday,FALSE,Guayaquil,Guayas,E,10,1031
8/14/2017,3,2125,7859,1163.481,1251.017,215.657,86.451996,8,2017,Winter,Monday,FALSE,Quito,Pichincha,D,8,3036
8/14/2017,30,247,1175,162,91.344,9,3,8,2017,Winter,Monday,FALSE,Guayaquil,Guayas,C,3,683
8/14/2017,31,564,3948,585,88.384,62.064,8,8,2017,Winter,Monday,FALSE,Babahoyo,Los Rios,B,10,1308
8/14/2017,32,160,1009,94,35.465,13,2,8,2017,Winter,Monday,FALSE,Guayaquil,Guayas,C,3,576
8/14/2017,33,387,2405,246,181.824,27,0,8,2017,Winter,Monday,FALSE,Quevedo,Los Rios,C,3,895
8/14/2017,34,726,2794,772,181.942,28.048,3,8,2017,Winter,Monday,FALSE,Guayaquil,Guayas,B,6,2145
8/14/2017,35,153,1294,131,33.268,12,2,8,2017,Winter,Monday,FALSE,Playas,Guayas,C,3,594
8/14/2017,36,464,3104,496,116.646,38,0,8,2017,Winter,Monday,FALSE,Libertad,Guayas,E,10,995
8/14/2017,37,944,2600,588.872,239.482,82.651,16.744999,8,2017,Winter,Monday,FALSE,Cuenca,Azuay,D,2,1388
8/14/2017,38,806,1992,464.677,171.09,75.378,17.454,8,2017,Winter,Monday,FALSE,Loja,Loja,D,4,1483
8/14/2017,39,650,4419,728,191.08,50.879,9.238,8,2017,Winter,Monday,FALSE,Cuenca,Azuay,B,6,1406
8/14/2017,4,738,2280,356.235,431.75,51.924,26.744,8,2017,Winter,Monday,FALSE,Quito,Pichincha,D,9,1285
8/14/2017,40,730,6386,529,167.93001,65,11,8,2017,Winter,Monday,FALSE,Machala,El Oro,C,3,1376
8/14/2017,41,725,1849,429.096,203.552,62.846,6,8,2017,Winter,Monday,FALSE,Machala,El Oro,D,4,1045
8/14/2017,42,794,2317,494.327,221.677,32.651,12.832,8,2017,Winter,Monday,FALSE,Cuenca,Azuay,D,2,1027
8/14/2017,43,880,5794,595,223.058,127.135,1,8,2017,Winter,Monday,FALSE,Esmeraldas,Esmeraldas,E,10,1616
8/14/2017,44,2211,7322,1481.496,1028.516,297.046,81.965004,8,2017,Winter,Monday,FALSE,Quito,Pichincha,A,5,4039
8/14/2017,45,1960,7639,1115.085,1263.297,248.162,79.414,8,2017,Winter,Monday,FALSE,Quito,Pichincha,A,11,3743
8/14/2017,46,1343,4817,810,773.189,95.211,43.762,8,2017,Winter,Monday,FALSE,Quito,Pichincha,A,14,3274
8/14/2017,47,1887,7058,1018.968,1105.994,247.694,68.986,8,2017,Winter,Monday,FALSE,Quito,Pichincha,A,14,3606
8/14/2017,48,1072,3798,818,904.546,91.669,20.321,8,2017,Winter,Monday,FALSE,Quito,Pichincha,A,14,2824
8/14/2017,49,2190,6154,1144.527,1026.21,241.769,79.832,8,2017,Winter,Monday,FALSE,Quito,Pichincha,A,11,2916
8/14/2017,5,580,1771,393.15,203,79.535,11.694,8,2017,Winter,Monday,FALSE,Santo Domingo,Santo Domingo de los Tsachilas,D,4,1225
8/14/2017,50,1088,3914,547.679,426.174,75.712,12.242,8,2017,Winter,Monday,FALSE,Ambato,Tungurahua,A,14,2555
8/14/2017,51,1336,3888,847.47,681.347,124.739,41.584,8,2017,Winter,Monday,FALSE,Guayaquil,Guayas,A,17,1446
8/14/2017,52,1062,3920,795.737,376.245,128.321,6.5950003,8,2017,Winter,Monday,FALSE,Manta,Manabi,A,11,2074
8/14/2017,53,452,1624,401.222,134.377,50.028,9,8,2017,Winter,Monday,FALSE,Manta,Manabi,D,13,895
8/14/2017,54,306,5403,231,56.155,147,0,8,2017,Winter,Monday,FALSE,El Carmen,Manabi,C,3,818
8/14/2017,6,907,2880,504.859,523.63403,96.745,37.879,8,2017,Winter,Monday,FALSE,Quito,Pichincha,D,13,1593
8/14/2017,7,1398,3864,719.231,745.509,127.118,47.977,8,2017,Winter,Monday,FALSE,Quito,Pichincha,D,8,1793
8/14/2017,8,1411,3923,815.009,611.781,153.151,33.253,8,2017,Winter,Monday,FALSE,Quito,Pichincha,D,8,2723
8/14/2017,9,746,3367,447,283.429,114.12,17,8,2017,Winter,Monday,FALSE,Quito,Pichincha,B,6,1971
8/15/2017,1,602,1942,329.54102,234.892,42.822998,22.487,8,2017,Winter,Tuesday,FALSE,Quito,Pichincha,D,13,1693
8/15/2017,10,328,1608,112,102.077,26,11,8,2017,Winter,Tuesday,FALSE,Quito,Pichincha,C,15,1010
8/15/2017,11,611,4128,2080,526.459,111.556,3,8,2017,Winter,Tuesday,FALSE,Cayambe,Pichincha,B,6,2360
8/15/2017,12,373,1625,176,162.205,61,1,8,2017,Winter,Tuesday,FALSE,Latacunga,Cotopaxi,C,15,1096
8/15/2017,13,272,1290,148,74.084,21,1,8,2017,Winter,Tuesday,FALSE,Latacunga,Cotopaxi,C,15,842
8/15/2017,14,436,2400,227,50.337,107,6,8,2017,Winter,Tuesday,FALSE,Riobamba,Chimborazo,C,7,1241
8/15/2017,15,358,1825,187,128.693,61,4,8,2017,Winter,Tuesday,FALSE,Ibarra,Imbabura,C,15,1320
8/15/2017,16,268,1702,205,64.859,41,2,8,2017,Winter,Tuesday,FALSE,Santo Domingo,Santo Domingo de los Tsachilas,C,3,742
8/15/2017,17,707,2840,333,314.182,61,15,8,2017,Winter,Tuesday,FALSE,Quito,Pichincha,C,12,1504
8/15/2017,18,569,2110,606,145.543,71.548996,21.364,8,2017,Winter,Tuesday,FALSE,Quito,Pichincha,B,16,1343
8/15/2017,19,339,2537,197,72.127,31,12,8,2017,Winter,Tuesday,FALSE,Guaranda,Bolivar,C,15,1158
8/15/2017,2,703,2093,607,365.424,90.849,32.718002,8,2017,Winter,Tuesday,FALSE,Quito,Pichincha,D,13,1737
8/15/2017,20,632,4116,437,273.341,66.982,5,8,2017,Winter,Tuesday,FALSE,Quito,Pichincha,B,6,1516
8/15/2017,21,574,3860,483,138.924,135.858,3,8,2017,Winter,Tuesday,FALSE,Santo Domingo,Santo Domingo de los Tsachilas,B,6,1059
8/15/2017,22,289,2193,122,131.07399,31,1,8,2017,Winter,Tuesday,FALSE,Puyo,Pastaza,C,7,766
8/15/2017,23,421,1253,243.799,439.349,22.795,2,8,2017,Winter,Tuesday,FALSE,Ambato,Tungurahua,D,9,946
8/15/2017,24,1197,3118,720.1,513.652,103.035995,35.914,8,2017,Winter,Tuesday,FALSE,Guayaquil,Guayas,D,1,2138
8/15/2017,25,484,1636,385.94,172.517,25.468,4,8,2017,Winter,Tuesday,FALSE,Salinas,Santa Elena,D,1,849
8/15/2017,26,263,762,215,118.622,18,2,8,2017,Winter,Tuesday,FALSE,Guayaquil,Guayas,D,10,534
8/15/2017,27,885,2877,637.12,382.93,89.543,19.214,8,2017,Winter,Tuesday,FALSE,Daule,Guayas,D,1,1543
8/15/2017,28,1047,3660,685,194.748,87.969,12,8,2017,Winter,Tuesday,FALSE,Guayaquil,Guayas,E,10,1343
8/15/2017,29,713,3765,1180,165.984,93.841,4,8,2017,Winter,Tuesday,FALSE,Guayaquil,Guayas,E,10,1302
8/15/2017,3,1832,6915,1052.915,1155.024,222.294,71.061,8,2017,Winter,Tuesday,FALSE,Quito,Pichincha,D,8,2956
8/15/2017,30,308,4052,180,132.532,66,5,8,2017,Winter,Tuesday,FALSE,Guayaquil,Guayas,C,3,825
8/15/2017,31,624,3981,700,101.463,66.924,3,8,2017,Winter,Tuesday,FALSE,Babahoyo,Los Rios,B,10,1360
8/15/2017,32,169,1246,127,54.942,16,2,8,2017,Winter,Tuesday,FALSE,Guayaquil,Guayas,C,3,615
8/15/2017,33,488,2549,251,217.068,43,1,8,2017,Winter,Tuesday,FALSE,Quevedo,Los Rios,C,3,919
8/15/2017,34,595,2273,669,115.923996,35.999,3,8,2017,Winter,Tuesday,FALSE,Guayaquil,Guayas,B,6,2007
8/15/2017,35,130,1411,108,36.813,27,3,8,2017,Winter,Tuesday,FALSE,Playas,Guayas,C,3,612
8/15/2017,36,700,3627,1096,191.675,68.316,0,8,2017,Winter,Tuesday,FALSE,Libertad,Guayas,E,10,1192
8/15/2017,37,748,2232,446.972,243.605,72.354996,13.659,8,2017,Winter,Tuesday,FALSE,Cuenca,Azuay,D,2,1373
8/15/2017,38,737,1749,400.957,99.694,72.589,10.623,8,2017,Winter,Tuesday,FALSE,Loja,Loja,D,4,1445
8/15/2017,39,618,2875,639,175.668,44,14.92,8,2017,Winter,Tuesday,FALSE,Cuenca,Azuay,B,6,1425
8/15/2017,4,568,1739,278.259,372.486,44.085,20.37,8,2017,Winter,Tuesday,FALSE,Quito,Pichincha,D,9,1283
8/15/2017,40,604,6845,475,126.911,52,4,8,2017,Winter,Tuesday,FALSE,Machala,El Oro,C,3,1392
8/15/2017,41,562,1572,417.936,165.2,54.958,10,8,2017,Winter,Tuesday,FALSE,Machala,El Oro,D,4,1003
8/15/2017,42,709,1827,376.342,220.959,57.013,9.92,8,2017,Winter,Tuesday,FALSE,Cuenca,Azuay,D,2,995
8/15/2017,43,668,4824,583,239.972,128.714,0,8,2017,Winter,Tuesday,FALSE,Esmeraldas,Esmeraldas,E,10,1482
8/15/2017,44,1918,7351,1241.632,909.194,329.522,80.24,8,2017,Winter,Tuesday,FALSE,Quito,Pichincha,A,5,3815
8/15/2017,45,1837,6805,970.325,1132.536,188.238,81.885,8,2017,Winter,Tuesday,FALSE,Quito,Pichincha,A,11,3685
8/15/2017,46,1203,4632,745,631.656,95.588,48.217,8,2017,Winter,Tuesday,FALSE,Quito,Pichincha,A,14,3197
8/15/2017,47,1839,7048,1012.113,960.4,277.028,65.72,8,2017,Winter,Tuesday,FALSE,Quito,Pichincha,A,14,3581
8/15/2017,48,971,3330,679,670.679,80.586,19.752,8,2017,Winter,Tuesday,FALSE,Quito,Pichincha,A,14,2722
8/15/2017,49,1832,5820,1019.124,926.492,207.888,56.842003,8,2017,Winter,Tuesday,FALSE,Quito,Pichincha,A,11,2814
8/15/2017,5,547,1654,334.434,241.011,52.121,9.669,8,2017,Winter,Tuesday,FALSE,Santo Domingo,Santo Domingo de los Tsachilas,D,4,1310
8/15/2017,50,1018,3661,466.13,356.51,73.852,15.314,8,2017,Winter,Tuesday,FALSE,Ambato,Tungurahua,A,14,2804
8/15/2017,51,1377,3860,704.801,686.941,91.976,52.876,8,2017,Winter,Tuesday,FALSE,Guayaquil,Guayas,A,17,1573
8/15/2017,52,1053,3744,756.481,397.34,104.418,7,8,2017,Winter,Tuesday,FALSE,Manta,Manabi,A,11,2255
8/15/2017,53,431,1646,380.199,148.015,37.82,5,8,2017,Winter,Tuesday,FALSE,Manta,Manabi,D,13,932
8/15/2017,54,261,4332,304,59.619,94,3,8,2017,Winter,Tuesday,FALSE,El Carmen,Manabi,C,3,802
8/15/2017,6,845,2678,499.485,434.57,102.341995,47.575,8,2017,Winter,Tuesday,FALSE,Quito,Pichincha,D,13,1589
8/15/2017,7,1279,3999,659.156,622.673,136.361,46.507,8,2017,Winter,Tuesday,FALSE,Quito,Pichincha,D,8,1780
8/15/2017,8,1330,3626,740.434,548.982,143.714,23.33,8,2017,Winter,Tuesday,FALSE,Quito,Pichincha,D,8,2621
8/15/2017,9,835,3530,528,438.133,154.553,16,8,2017,Winter,Tuesday,FALSE,Quito,Pichincha,B,6,2155
